F1,F2,label
0.7381046504829188,-0.5598868195333737,0.0
2.751520905318543,-0.5392020613066854,0.0
1.9872817768058493,-0.5460350928584432,0.0
1.5213576627429668,-0.5507027861784937,0.0
-0.025905576884634744,-0.5720690142298425,0.0
-0.02598995124044677,-0.5720707104188304,0.0
-0.3687644198476038,-0.580504212848936,0.0
2.4561389202940185,-0.5417412523692777,0.0
1.5299419876979024,-0.5506124479662388,0.0
1.9036937175191961,-0.546839886713976,0.0
-0.5005432361247679,-0.5856114825466444,0.0
2.8185905487739262,-0.5386411091188089,0.0
2.338269853954889,-0.5427881818668431,0.0
0.17106858830360389,-0.568398844532791,0.0
0.06435797166517053,-0.5703202931189626,0.0
0.06988223909841064,-0.5702172218489,0.0
0.492380245848632,-0.5632988849467586,0.0
1.2631007625514827,-0.5535103895350225,0.0
0.9387414011377472,-0.5573250418615404,0.0
0.4468893134237986,-0.5639708480785447,0.0
1.5674653262821605,-0.5502196597410632,0.0
-0.08371535259693501,-0.5732617971916261,0.0
0.45008977630374597,-0.5639231068508349,0.0
0.7095192973291962,-0.5602668522615991,0.0
1.0230567079096884,-0.5562980421505028,0.0
2.173112070409311,-0.5442906769235282,0.0
0.12677902549551381,-0.5691792328588576,0.0
1.2263296433079445,-0.5539254008852361,0.0
1.4995382697055544,-0.5509332207554335,0.0
-0.4095712544960205,-0.5818657827905235,0.0
1.5524109767981034,-0.550376839912411,0.0
0.024832849032038362,-0.5710705104616115,0.0
-0.3443377759849519,-0.5797479884382188,0.0
2.7451311312094346,-0.5392557917746559,0.0
2.8036437844188957,-0.5387656456342251,0.0
2.254251852645835,-0.5435471574571533,0.0
0.49367899846259544,-0.5632799056210946,0.0
-0.23007863160273545,-0.5766211746726185,0.0
1.8203906735490005,-0.5476552442916176,0.0
0.9674262868635223,-0.5569725992400577,0.0
-0.14479326362876385,-0.5745968061102239,0.0
1.1597286452187063,-0.5546877218541139,0.0
-0.4519340228951333,-0.5834520860784489,0.0
2.606888657280068,-0.5404309170573454,0.0
0.3334473013879396,-0.5657123082677513,0.0
1.7445255721000499,-0.5484099398015839,0.0
0.518489001778434,-0.5629194591233028,0.0
1.2467162532479208,-0.5536948066614003,0.0
1.3398217171892806,-0.5526573094261273,0.0
0.07495320659789859,-0.5701229787046761,0.0
2.817454210348282,-0.5386505676371783,0.0
2.1380193017051754,-0.544615571689039,0.0
2.7123340406539405,-0.5395323780922614,0.0
2.556248888896562,-0.5408676225612961,0.0
1.5187070663553557,-0.5507307165010616,0.0
2.6507524995815444,-0.5400553907011366,0.0
-0.26221996966891464,-0.5774442954422354,0.0
0.1138716394091716,-0.5694110697321302,0.0
-0.4138641293439553,-0.5820174803751265,0.0
0.5660966432092653,-0.5622386940002649,0.0
0.7875171598333023,-0.5592392282810307,0.0
0.3773898714923006,-0.56502595702733,0.0
2.3253235885257193,-0.5429044267267273,0.0
0.67593436874288,-0.5607186242771117,0.0
0.41090049255254946,-0.5645127404698319,0.0
1.3257936116809044,-0.5528120304347546,0.0
-0.07871102311307904,-0.5731559971352138,0.0
2.2325866951746445,-0.543744652202962,0.0
-0.31105207598373935,-0.5787745830550313,0.0
2.8779085934110973,-0.5381495030076004,0.0
2.127927829471133,-0.5447093803449622,0.0
0.12342851066394057,-0.5692392159369717,0.0
-0.5541527318821013,-0.588900496603821,0.0
2.27893491851049,-0.5433230520431322,0.0
1.8994473213494556,-0.5468811228366478,0.0
1.9768451839098713,-0.5461348688889917,0.0
2.1245229882175685,-0.5447410698312104,0.0
-0.3128247856205579,-0.5788249388260979,0.0
0.6819198163733443,-0.5606376841305194,0.0
-0.16638295366204578,-0.5750899164126285,0.0
2.4454025034126525,-0.5418357796777121,0.0
1.6074602266065523,-0.5498046771137138,0.0
0.5855587568375625,-0.5619643567083897,0.0
-0.3495716204339108,-0.5799068008647413,0.0
0.515941518921616,-0.5629562864737008,0.0
0.5655827648851295,-0.5622459681318409,0.0
1.9789382884199909,-0.5461148423976342,0.0
1.6572885720984432,-0.5492928214534721,0.0
2.5296428202116608,-0.5410984540455912,0.0
1.0794811070757402,-0.5556254155829929,0.0
-0.15334602162319028,-0.5747907233176283,0.0
1.9217669618293438,-0.5466647650897811,0.0
2.0878850343206934,-0.5450833111996471,0.0
1.3907272771594554,-0.5521004400776909,0.0
2.123463658494657,-0.5447509331961252,0.0
1.1549012780164654,-0.5547435253397981,0.0
1.2560289212308582,-0.553589888617878,0.0
0.9233494365516166,-0.5575154956082048,0.0
-0.48349506295372546,-0.5847993095184109,0.0
-0.1943047586367886,-0.5757462422710351,0.0
-0.46233982402810525,-0.5838774747787523,0.0
1.6532802600014873,-0.5493337887493566,0.0
0.5277346750561621,-0.5627861470899901,0.0
1.2065364638330849,-0.5541505013525427,0.0
2.600760316111172,-0.540483584389666,0.0
0.3002760585883847,-0.5662410663763011,0.0
0.8633811740376934,-0.5582667351270039,0.0
2.069596539573232,-0.5452550089235993,0.0
0.22862049283303235,-0.5674172208921974,0.0
-0.30254177898650325,-0.5785349915204091,0.0
0.44172355184430595,-0.5640480580129154,0.0
-0.00770665289072401,-0.5717060096858733,0.0
2.6780879156938586,-0.5398226320740724,0.0
2.253284077511084,-0.5435559636527004,0.0
1.6427737275636096,-0.5494413426928929,0.0
2.4746033204285887,-0.5415790678315442,0.0
2.237740940674674,-0.5436975998250957,0.0
0.08095321182174536,-0.5700119219484143,0.0
2.5483230856809733,-0.5409362851659903,0.0
1.3140731664748473,-0.5529417264378139,0.0
2.250907257613608,-0.5435775976040408,0.0
2.5606652274778106,-0.5408293999987097,0.0
0.540484964600398,-0.5626031849306156,0.0
-0.18674260766303888,-0.5755663118486898,0.0
0.2256029578692211,-0.5674678338913509,0.0
0.9218352959303253,-0.5575342821591268,0.0
2.2878566881635267,-0.5432422820435004,0.0
2.4371115271470205,-0.5419088891096372,0.0
-0.5489840740688084,-0.5885023508688466,0.0
1.214143110252047,-0.5540638504890636,0.0
0.8879447629051669,-0.5579572162847084,0.0
0.20522702776732044,-0.5678120226971418,0.0
-0.15239721483583007,-0.5747691200038483,0.0
0.6090385457214013,-0.5616363297413327,0.0
2.724251371150489,-0.5394317203721832,0.0
0.5586601713659013,-0.5623441147437687,0.0
1.242252136251614,-0.5537451927114785,0.0
1.8860348248358476,-0.547011597243187,0.0
0.6999692701894704,-0.5603947277164718,0.0
2.825132145910373,-0.5385866891310682,0.0
2.7925162517332796,-0.5388585358121091,0.0
0.3089819753965641,-0.5661013722586367,0.0
1.1669683749947224,-0.5546041733155391,0.0
0.48062081663513073,-0.5634712413929555,0.0
0.424555472880351,-0.564306029042133,0.0
-0.44315331364983396,-0.5831053690919257,0.0
1.5594680118752131,-0.5503030911519324,0.0
1.1859466667808656,-0.5543859568803554,0.0
-0.3919282147550443,-0.5812602510224841,0.0
0.4029016182525311,-0.5646344700632852,0.0
2.6032041084581747,-0.5404625763260292,0.0
0.2662555399317376,-0.5667934700275122,0.0
-0.06481956375244788,-0.5728649301187558,0.0
1.139724046807402,-0.5549194666627607,0.0
2.873588323135903,-0.5381851672750663,0.0
0.2749733488132748,-0.5666509080817264,0.0
1.7781178503348232,-0.5480743036641836,0.0
2.0908012004898637,-0.5450559867607365,0.0
0.2595272351145446,-0.5669039836310186,0.0
1.9740818454634887,-0.5461613203759166,0.0
0.7144871267907391,-0.5602005147473585,0.0
1.6389371024809178,-0.5494806796694562,0.0
1.6432138657086988,-0.5494368320740813,0.0
1.3016058279331766,-0.5530801183400377,0.0
-0.25592645308643674,-0.5772801162690419,0.0
2.3482625895984124,-0.5426986296797801,0.0
0.5501908292447638,-0.562464585475417,0.0
0.08077293147222847,-0.5700152517492618,0.0
-0.42949502870842216,-0.5825858675437393,0.0
1.4942209285575039,-0.550989556062585,0.0
1.797088056629213,-0.5478857970195548,0.0
-0.5146678243047015,-0.5863459148733724,0.0
1.2188461421601178,-0.5540103657354027,0.0
0.22057004049110743,-0.5675524549444709,0.0
1.683899649219142,-0.5490217462667633,0.0
0.03827180811394669,-0.5708128540321034,0.0
1.843819178223025,-0.5474245480157631,0.0
0.7807297033664723,-0.5593275011311744,0.0
2.702659209144296,-0.5396142265559883,0.0
-0.09061800785330057,-0.573408572929661,0.0
0.6211020282667669,-0.5614690187774817,0.0
-0.17476696372881692,-0.5752847084631869,0.0
2.660603573632647,-0.539971398666877,0.0
2.4951442996330537,-0.5413992075626658,0.0
0.3305162763382721,-0.5657586513487795,0.0
1.7356560070231943,-0.5484989552195756,0.0
2.285087337513772,-0.5432673401493652,0.0
1.3694927992655979,-0.5523318651285257,0.0
1.280204190370419,-0.5533187323953278,0.0
0.2742636543353816,-0.5666624873357743,0.0
-0.24607674093681703,-0.5770261730091729,0.0
2.5645941706777213,-0.5407954179152005,0.0
2.575783244918523,-0.5406987557540923,0.0
1.6417173643172582,-0.549452170285924,0.0
0.613983310672625,-0.561567650515854,0.0
0.649566087731665,-0.5610774505265483,0.0
1.9661824448062046,-0.5462370131722214,0.0
2.564225552566016,-0.5407986052684827,0.0
2.529201453131815,-0.5411022914558699,0.0
2.1545913552229776,-0.5444618902014766,0.0
1.6729232038695938,-0.549133368513281,0.0
-0.27746262606589756,-0.5778484405554204,0.0
-0.006281502687524056,-0.571677818524912,0.0
2.569270748918768,-0.54075499656242,0.0
1.5485118621068803,-0.5504176383656628,0.0
-0.5409310909212912,-0.587930741914723,0.0
-0.21677741317546217,-0.5762911034913274,0.0
1.747948259454605,-0.5483756339912766,0.0
-0.5558269208790265,-0.5890356832838922,0.0
-0.009152127495498662,-0.571734637337897,0.0
1.346893107928507,-0.5525795258558069,0.0
1.8471648563913765,-0.5473916929634703,0.0
1.7076212811367113,-0.548781415918213,0.0
0.21278498862544287,-0.5676838566692839,0.0
1.9180435597327488,-0.546700792381849,0.0
0.2581690259609682,-0.566926344314069,0.0
0.5663391212697276,-0.5622352621862994,0.0
2.037939645084512,-0.5455535914874018,0.0
1.6994850658210414,-0.5488637081463061,0.0
2.3969041021475075,-0.5422648425551742,0.0
1.7273702885756608,-0.548582261986568,0.0
1.415299046892667,-0.5518341587069086,0.0
-0.24407396877560406,-0.5769749749146499,0.0
0.7142517898512866,-0.5602036545047067,0.0
0.3559007743351375,-0.5653596517678747,0.0
0.2817365939370855,-0.5665407923750513,0.0
2.8294244411192055,-0.5385510091307265,0.0
0.8029673390867595,-0.5590390856132831,0.0
2.546532567055436,-0.5409518085561341,0.0
1.6348583854056307,-0.549522535322671,0.0
2.2067798005965016,-0.5439808780394717,0.0
1.1858001318897216,-0.5543876373738654,0.0
1.4453357383757635,-0.5515108217632592,0.0
1.1504353033969563,-0.5547952186931132,0.0
0.11128421776163544,-0.5694577931650463,0.0
1.953940017239073,-0.5463545488996544,0.0
0.41033363684107654,-0.5645213513660104,0.0
-0.4873822468614723,-0.5849783767639739,0.0
1.684946243231631,-0.5490111170287495,0.0
0.04786995196293186,-0.5706304797953912,0.0
2.715687069255877,-0.5395040392428188,0.0
2.762751656073776,-0.5391077464124169,0.0
2.6262597006482276,-0.5402647672225551,0.0
0.722790416962458,-0.5600899131410941,0.0
-0.5186728243038764,-0.5865666966064385,0.0
2.673269310210434,-0.5398635922697981,0.0
0.9255971783403432,-0.5574876239603561,0.0
2.807217415356731,-0.5387358455891724,0.0
2.7966136253466782,-0.5388243143633262,0.0
2.410133007043951,-0.5421474691278169,0.0
0.4581449905698644,-0.5638032646297001,0.0
0.7750059074267188,-0.5594021073875469,0.0
2.403589272395739,-0.5422054964900404,0.0
0.5367045566423339,-0.5626573266129897,0.0
0.021225409947678874,-0.5711401407521377,0.0
1.3750857276299842,-0.552270791343143,0.0
2.700649385666042,-0.5396312443860878,0.0
1.8616124861093943,-0.547250069071254,0.0
1.4214235034038964,-0.5517680385434736,0.0
-0.23181380482433278,-0.5766646698517816,0.0
1.5784880377745185,-0.5501049147186045,0.0
2.888973784936458,-0.5380582584180439,0.0
-0.08165060473999797,-0.5732180832798102,0.0
1.2406411893327014,-0.5537633901039148,0.0
2.4952621154676806,-0.5413981776504854,0.0
2.0179427878556035,-0.5457431108864694,0.0
1.8650576913478107,-0.5472163578447137,0.0
1.8841658057571151,-0.5470298062904894,0.0
0.6855040215154555,-0.5605893048599002,0.0
0.45514891354303266,-0.5638477862283362,0.0
2.257619558476318,-0.5435165247626934,0.0
2.2602480086431536,-0.5434926287307639,0.0
2.4592702435566065,-0.5417137139654867,0.0
2.6205859125857573,-0.540313381444469,0.0
1.216222802454447,-0.5540401909714046,0.0
1.181883230580162,-0.55443258248506,0.0
2.218953100750313,-0.5438693155588832,0.0
1.700641822632238,-0.5488519995916721,0.0
1.8823585243647905,-0.5470474202868476,0.0
2.21020887461705,-0.5439494280844548,0.0
2.5394003990249,-0.5410136861771601,0.0
0.6103667759456153,-0.5616178679763668,0.0
0.7417496189999822,-0.5598386501693966,0.0
-0.24299846379393567,-0.5769475409257762,0.0
1.4501451275096866,-0.5514592681846314,0.0
-0.4464729302599558,-0.5832352066333091,0.0
1.056356016901103,-0.55589971646676,0.0
1.3256138184329158,-0.5528140170426629,0.0
0.4305011282018336,-0.5642164483445541,0.0
1.4940123667487468,-0.550991767137499,0.0
-0.46560753379363395,-0.5840145922158945,0.0
-0.4415326768153299,-0.5830425109088592,0.0
2.3038801701906255,-0.5430975280314496,0.0
0.6879489769165982,-0.5605563412769178,0.0
-0.12721870511129285,-0.5742039666814166,0.0
1.2543180316301348,-0.5536091442665907,0.0
2.12006159619244,-0.5447826224409886,0.0
0.18324406439952923,-0.5681882281430591,0.0
1.6060357111061627,-0.5498193936807304,0.0
-0.27323374657486466,-0.5777353671690356,0.0
-0.39121621172634596,-0.5812363836186635,0.0
1.2861592787791154,-0.5532522031087603,0.0
1.3185913103297482,-0.5528916833030086,0.0
1.656842789296393,-0.5492973758390788,0.0
1.9666564603063814,-0.5462324678700087,0.0
2.8393527560513867,-0.5384685637592008,0.0
1.2335493854813053,-0.5538435933410814,0.0
0.5577986542139195,-0.5623563493356576,0.0
2.2080897400475163,-0.5439688616141913,0.0
0.37558319183002287,-0.5650538716180082,0.0
0.9632984875866383,-0.557023119025301,0.0
-0.2973697199763869,-0.578391076107168,0.0
-0.4837359812327148,-0.5848103114076402,0.0
2.793218967976035,-0.5388526652445017,0.0
2.35063030526513,-0.5426774328284371,0.0
1.861418234768299,-0.5472519705080174,0.0
0.8583832804373558,-0.5583300253534162,0.0
0.034522006391539115,-0.5708844734290328,0.0
-0.02444197018470272,-0.5720396108438918,0.0
0.3035998520715019,-0.5661876546714503,0.0
1.3486155164685119,-0.5525606009095181,0.0
1.9264882260804272,-0.546619120314909,0.0
1.7364014655795919,-0.5484914673432336,0.0
0.407402414632903,-0.5645659166259932,0.0
2.766024523065977,-0.5390802904411702,0.0
2.0079083256633856,-0.545838481388193,0.0
1.3665337162225168,-0.552364212414535,0.0
1.5670035372087265,-0.5502244731849505,0.0
0.8955956206394421,-0.5578613259167354,0.0
0.2948175226907689,-0.5663289943649713,0.0
0.6732057230776363,-0.5607555854716918,0.0
2.0776157077732367,-0.5451796513697871,0.0
-0.5224404528618485,-0.5867802573564043,0.0
-0.16567046713058572,-0.5750734498715916,0.0
-0.41114276119186777,-0.5819211065740413,0.0
-0.42965776390695853,-0.5825919256108757,0.0
2.418697542442313,-0.5420716161097697,0.0
1.8882673410182669,-0.5469898556552193,0.0
1.0863271515224404,-0.555544568555696,0.0
-0.22951130832676794,-0.576606975958768,0.0
1.1472836519867855,-0.5548317380284176,0.0
1.083873575630431,-0.5555735249257837,0.0
0.03419865191437431,-0.5708906591698394,0.0
0.945405043418543,-0.5572428804895996,0.0
0.8218656363153828,-0.5587957492955621,0.0
1.5814334211824856,-0.5500743021972788,0.0
1.6486789403765532,-0.5493808613009041,0.0
-0.4135948413254694,-0.5820079112970398,0.0
0.738358041802085,-0.5598834687969128,0.0
1.6164122588132683,-0.5497123014006035,0.0
1.187544585227119,-0.5543676360243645,0.0
2.4222938878876077,-0.5420397962551844,0.0
1.731146806509135,-0.548544273768277,0.0
-0.0017142435680824182,-0.5715876985226148,0.0
-0.3250033714933858,-0.5791752379374403,0.0
1.6742777500993906,-0.549119579420931,0.0
-0.47964796046548314,-0.5846252861107172,0.0
1.4763382022567013,-0.5511795369081475,0.0
2.7148892304050953,-0.5395107810672671,0.0
1.440339559936434,-0.5515644410018874,0.0
0.7857438311099957,-0.5592622703295103,0.0
1.6773141845886301,-0.5490886836607916,0.0
1.0306857261316522,-0.5562064304627246,0.0
1.3360003849969837,-0.5526994013938585,0.0
2.719202855023283,-0.5394743400145813,0.0
0.7785182643383877,-0.5593563077847927,0.0
2.7881252081744137,-0.5388952326774704,0.0
2.5930180483503498,-0.540550193162711,0.0
0.11320114817206806,-0.5694231693359286,0.0
-0.32923434394422996,-0.5792987752639248,0.0
-0.21920531400829504,-0.5763509178151353,0.0
-0.5088888307636967,-0.586037629601362,0.0
-0.24138430101646463,-0.576906444749493,0.0
1.8161057272782353,-0.5476975564436798,0.0
-0.3228312838388529,-0.5791121920233169,0.0
0.5438832430960159,-0.5625545915765715,0.0
2.3817112911933784,-0.5423999568356345,0.0
-0.49106250814909724,-0.5851510777758016,0.0
2.2754654047752942,-0.5433544953972765,0.0
0.41411767173208364,-0.5644639146238485,0.0
-0.1583484279249835,-0.5749050038930915,0.0
1.864084259023061,-0.5472258804911801,0.0
1.6271853772368878,-0.5496013777762953,0.0
2.495607826890763,-0.5413951556522898,0.0
1.9980339876598332,-0.5459325070360327,0.0
2.2370730412625375,-0.5437036946031409,0.0
0.41474623068806993,-0.5644543841781267,0.0
0.049020158128021844,-0.5706087149620231,0.0
2.052347626393314,-0.5454174797036575,0.0
2.248791830914755,-0.5435968598313036,0.0
2.8905505975829886,-0.5380452675195324,0.0
0.871191805324554,-0.5581680394024835,0.0
0.7292894811249826,-0.5600035831257314,0.0
2.142492369316171,-0.5445740454022495,0.0
0.6201833847029768,-0.5614817308447452,0.0
2.6817904635548344,-0.539791179043785,0.0
2.429012760593626,-0.541980398867754,0.0
0.9284277064662833,-0.5574525546681365,0.0
2.0532432569595818,-0.545409030772982,0.0
2.066073425726516,-0.5452881515851967,0.0
-0.21099320942227937,-0.5761493641515477,0.0
2.583242564326966,-0.5406344082799804,0.0
1.1949398438240681,-0.5542829511158985,0.0
2.3173567811007025,-0.5429760871975997,0.0
0.5476374206622245,-0.5625009918978616,0.0
2.5586803415838744,-0.5408465755394285,0.0
0.7893499946693742,-0.5592154283013512,0.0
-0.5350762009560208,-0.5875453023022302,0.0
2.5931275331296924,-0.5405492506805587,0.0
-0.25243570214585564,-0.5771897048083936,0.0
0.5450647840444508,-0.5625377129551549,0.0
2.7492416124169257,-0.5392212216627951,0.0
2.751146486995809,-0.539205208327028,0.0
1.4332236401734124,-0.5516409214080753,0.0
1.637299547582803,-0.5494974796755706,0.0
0.9964099104645473,-0.5566197046781749,0.0
0.4538167538526683,-0.5638676021328585,0.0
0.5777515596551276,-0.5620741375573837,0.0
1.7794558708775325,-0.5480609834996026,0.0
2.0584967134683723,-0.5453595006195935,0.0
2.1954856785328114,-0.54408459712094,0.0
2.1886339167205464,-0.5441476208356305,0.0
-0.25271783433317935,-0.5771969950797448,0.0
1.1570844877052135,-0.5547182784625486,0.0
-0.3706047296725373,-0.580562810140302,0.0
1.3496716497639762,-0.5525490007385323,0.0
0.972242357166329,-0.5569137386900482,0.0
2.531359954469458,-0.5410835271809348,0.0
0.6555272720137649,-0.5609960046445501,0.0
-0.16219041386666483,-0.5749932144808657,0.0
-0.07147787319896025,-0.5730039658824908,0.0
2.090420386982179,-0.5450595541480814,0.0
1.5897081824220392,-0.5499884083647394,0.0
-0.21799869666063967,-0.5763211674630558,0.0
-0.27757875653522646,-0.5778515562218187,0.0
1.878872088640976,-0.5470814174314602,0.0
-0.31731510563067833,-0.5789532016737717,0.0
2.3012927445180744,-0.5431208757405204,0.0
1.8972979161239065,-0.5469020085748677,0.0
-0.2872384544821492,-0.5781127311229836,0.0
-0.2750189660571664,-0.5777830104132623,0.0
2.877044324216257,-0.5381566358851552,0.0
0.7371632970378299,-0.559899270325628,0.0
0.7244801984479032,-0.5600674469013553,0.0
2.269633941663977,-0.543407386755901,0.0
2.7394115420948184,-0.5393039297928787,0.0
2.874813353720832,-0.5381750522991376,0.0
2.0620037265568083,-0.545326463014831,0.0
0.7441146193856499,-0.5598074305204043,0.0
-0.27970145004670705,-0.5779086061640298,0.0
2.145056961230962,-0.54455025177214,0.0
1.3806875134700844,-0.5522097063312903,0.0
0.9117494589822095,-0.557659657301263,0.0
2.59652519577497,-0.5405200103760263,0.0
-0.18273305749835128,-0.575471579126492,0.0
1.150810678416101,-0.5547908712491123,0.0
-0.5332385918115659,-0.5874287703947417,0.0
1.0670594432796083,-0.5557725231806762,0.0
-0.37500714163234034,-0.580703974713565,0.0
-0.15606285891841576,-0.5748527099608367,0.0
-0.16058324736986362,-0.5749562676353914,0.0
1.698008343416112,-0.5488786595801215,0.0
2.0363793731524757,-0.5455683533329769,0.0
1.4679275137494276,-0.5512691687830097,0.0
2.7915562822137026,-0.5388665564723234,0.0
0.7392596949702932,-0.5598715482672221,0.0
0.4276024622306173,-0.5642600893338129,0.0
2.4646050771379864,-0.5416668288440826,0.0
0.21043011796874792,-0.5677237264750414,0.0
2.795224970807381,-0.5388359101829161,0.0
-0.5303896229141569,-0.5872518976965242,0.0
2.8184821454221547,-0.53864201136669,0.0
-0.42112140805767,-0.5822781403371677,0.0
2.5433758684173644,-0.5409791870466328,0.0
1.2733914463901324,-0.553394970935153,0.0
2.899144619553744,-0.5379745147874545,0.0
-0.31369395506453046,-0.5788496861628712,0.0
1.3647872265021894,-0.5523833154816786,0.0
2.8164685765229542,-0.538658772996837,0.0
1.2573045317695675,-0.5535755376294422,0.0
1.6287781113470343,-0.5495850009441503,0.0
1.8606302055260462,-0.5472596849226226,0.0
1.0177132916400855,-0.5563623342105372,0.0
1.622346395014398,-0.5496511687162594,0.0
1.4712317559229127,-0.5512339343826533,0.0
2.5783686961200805,-0.5406764440344474,0.0
-0.4130951304654392,-0.5819901732731089,0.0
0.4110007555169373,-0.5645112176604749,0.0
2.750462835226278,-0.5392109549309708,0.0
2.540303417190141,-0.5410058478909093,0.0
1.0216125073891489,-0.5563154084772053,0.0
1.5963984395458046,-0.5499190790915893,0.0
0.39847824640663687,-0.5647019925205746,0.0
0.08637784470110649,-0.5699119319742553,0.0
1.0497171277365234,-0.5559788130652701,0.0
0.6640462789448748,-0.5608799426694855,0.0
1.4689316559399364,-0.5512584582930099,0.0
-0.29989794625173233,-0.5784612684640783,0.0
2.8342610350484927,-0.5385108310332138,0.0
2.8755459780392845,-0.5381690039226888,0.0
1.8690620862266554,-0.547177204178674,0.0
1.3027299937718848,-0.5530676213664069,0.0
0.5108563402029752,-0.5630299240830147,0.0
2.2731122157079358,-0.5433758324372813,0.0
1.8221313649097235,-0.5476380662144745,0.0
-0.0028247807888715,-0.5716095798220023,0.0
2.6125028590157995,-0.5403827118826373,0.0
2.303658928305188,-0.5430995240121492,0.0
2.7483259887775158,-0.5392289204575065,0.0
1.9653571998874326,-0.5462449273783728,0.0
1.5729247400576178,-0.5501627920315391,0.0
0.8908527575003528,-0.5579207409590355,0.0
2.6886777781748954,-0.5397327181086345,0.0
2.455746684853464,-0.5417447028633838,0.0
-0.4138943812354135,-0.5820185558187256,0.0
-0.4801562930847656,-0.5846481043605214,0.0
0.7448268854394711,-0.5597980334276635,0.0
2.2617852190056813,-0.543478658513382,0.0
2.87926843265214,-0.5381382819263228,0.0
-0.045501511183326286,-0.5724663406480619,0.0
1.5055353604295847,-0.5508697681764474,0.0
0.7603019993402044,-0.55959446983862,0.0
2.81860643134477,-0.5386409769283649,0.0
2.3720801122798094,-0.5424857859650405,0.0
2.3588365810438106,-0.5426040314994096,0.0
1.0671730881046213,-0.5557711748575183,0.0
0.8788873274683119,-0.5580710508218387,0.0
0.38458481240438075,-0.5649150418797434,0.0
-0.37475388552592503,-0.5806958157078356,0.0
2.4510592929743233,-0.5417859547751085,0.0
2.2699883962482437,-0.5434041703394749,0.0
2.922739122377898,-0.5377807064978237,0.0
2.911974707783406,-0.5378690469866381,0.0
1.3702996807974872,-0.5523230488466521,0.0
2.1165459319503896,-0.5448153904223975,0.0
2.7307363907433833,-0.5393770206317208,0.0
2.398385541589029,-0.5422516857825778,0.0
0.29347883408416164,-0.5663505989001432,0.0
1.0037443934697652,-0.556530905043591,0.0
-0.1198743295257139,-0.5740419628310443,0.0
2.763179500500183,-0.5391041564901442,0.0
1.547622777712284,-0.5504269464305283,0.0
0.22807726930495523,-0.5674263256191341,0.0
1.7765982823923034,-0.5480894356433612,0.0
1.589394300189037,-0.5499916636047917,0.0
0.6808606891709217,-0.5606519929111115,0.0
-0.17447272285792906,-0.575277839781561,0.0
1.7761527905028143,-0.5480938727924944,0.0
1.2475538594480473,-0.5536853593823295,0.0
2.128185081988498,-0.5447069868419744,0.0
1.2470499259820498,-0.5536910429456425,0.0
2.4072400316172633,-0.5421731152486451,0.0
1.3579816767898367,-0.5524578345112697,0.0
1.3895418235998902,-0.5521133276002805,0.0
2.4927482206444065,-0.5414201575993313,0.0
0.8392648183702153,-0.5585731233933082,0.0
-0.10288386504462096,-0.5736718566819846,0.0
-0.4716513099905317,-0.5842730136155748,0.0
2.0681503353644852,-0.5452686110517293,0.0
1.5970167956372847,-0.5499126765047743,0.0
1.8897416204192028,-0.5469755035128105,0.0
0.17325426460138962,-0.5683609151726898,0.0
-0.0946397323015641,-0.573494546657218,0.0
-0.5219044578348784,-0.5867495097022085,0.0
0.6543826922569916,-0.5610116278611527,0.0
1.4908128796898579,-0.5510257002383874,0.0
0.7999835899588033,-0.5590776522086935,0.0
0.9580682813952893,-0.5570872257280659,0.0
2.588853300889255,-0.540586056582011,0.0
0.6462310941382085,-0.5611230992465981,0.0
1.225473617524022,-0.5539351111654354,0.0
2.1677905858635413,-0.5443398130060269,0.0
0.8150083405128725,-0.5588838588964976,0.0
1.603226957656532,-0.5498484244583066,0.0
2.4428178500327906,-0.5418585604709089,0.0
2.7473501424124827,-0.5392371267649614,0.0
-0.05719786212513267,-0.5727068299489154,0.0
2.66722132978554,-0.5399150448487366,0.0
1.1490324993526364,-0.5548114694848864,0.0
0.33157477877215696,-0.5657419068194389,0.0
1.0337712402733212,-0.5561694387121816,0.0
2.8539594373747708,-0.5383474823521933,0.0
1.1507861790300076,-0.5547911549772142,0.0
0.5780558984425819,-0.5620698513800004,0.0
1.642763586054367,-0.5494414466301437,0.0
0.2682964829867184,-0.5667600311812435,0.0
-0.3064533336263438,-0.5786446765071499,0.0
-0.12085300654646332,-0.5740634789533112,0.0
-0.12377087479654453,-0.5741277584758011,0.0
-0.04030380578315831,-0.5723602807650966,0.0
-0.08604788088121974,-0.573311285314419,0.0
1.6688805118556111,-0.5491745466914246,0.0
0.06455073861733215,-0.5703166893483265,0.0
0.6371843120069995,-0.5612472344115136,0.0
2.5631009837361503,-0.5408083302814406,0.0
1.085585587387408,-0.555553318080468,0.0
1.7621213213453069,-0.5482338385577354,0.0
0.031113754757325803,-0.5709497518571633,0.0
0.10095375907016767,-0.569645184676183,0.0
-0.4291667650287443,-0.5825736566572319,0.0
0.019274792761793294,-0.5711778749317579,0.0
0.402705407150542,-0.5646374620884836,0.0
0.047519518055015524,-0.5706371147086018,0.0
-0.2614844830452091,-0.5774250296921165,0.0
-0.14970080838270142,-0.574707850323861,0.0
1.0395133698799932,-0.5561006888812772,0.0
0.1500686059214572,-0.5687660189097916,0.0
0.7022071761007815,-0.5603647205229622,0.0
1.1885266496150615,-0.5543563802229572,0.0
1.841922073625202,-0.5474431877273347,0.0
-0.4346333155239643,-0.5827786383106965,0.0
2.222849880853853,-0.5438336537123076,0.0
1.623542574568879,-0.549638855594368,0.0
-0.2858015381195735,-0.5780736248661569,0.0
2.4820039440797275,-0.5415141985346169,0.0
2.6472520352328464,-0.5400852665579894,0.0
-0.35826637077964113,-0.5801744257363527,0.0
0.3967179047106681,-0.5647289051260751,0.0
2.2465784147024404,-0.5436170218743657,0.0
2.0441184691391268,-0.5454951754789161,0.0
0.07378706776774345,-0.5701446200349388,0.0
0.16061381529215857,-0.568581013469305,0.0
0.7238858464107002,-0.5600753474068282,0.0
1.1224955239459027,-0.5551201080012889,0.0
1.5898364577406665,-0.5499870781010202,0.0
0.7184385765358033,-0.5601478377080704,0.0
1.0456501877029902,-0.5560273447326286,0.0
2.0413623751185286,-0.5455212238834485,0.0
-0.44386923611532936,-0.5831332463552725,0.0
0.31127078347834947,-0.5660647562812027,0.0
1.922133159234528,-0.5466612232165511,0.0
2.557574847276737,-0.5408561438728479,0.0
1.2173936828560472,-0.5540268763897016,0.0
1.2888112127333466,-0.5532226094941787,0.0
-0.1968229166724683,-0.5758065305065434,0.0
0.9927991110885106,-0.5566634951034737,0.0
1.2905717547202658,-0.5532029744762561,0.0
0.27642515057110933,-0.566627235195644,0.0
0.37002791337343527,-0.5651398654067288,0.0
0.7476957683843345,-0.5597602084385357,0.0
-0.502355408496485,-0.5857022459115058,0.0
0.5547319535570641,-0.5623999367462389,0.0
0.1679525676422984,-0.5684530109008719,0.0
0.5736715855507771,-0.5621316510746742,0.0
-0.15275849371036404,-0.5747773432364108,0.0
2.5412240970973214,-0.540997857444985,0.0
1.5036543999852692,-0.5508896601794462,0.0
1.8024622169365725,-0.5478325280476558,0.0
2.1870723476087983,-0.5441619951188353,0.0
1.1711400395159652,-0.5545561078295095,0.0
-0.26772566752932137,-0.5775891916022681,0.0
1.3062601982532316,-0.5530284009398976,0.0
1.480061747040461,-0.551139912693379,0.0
2.0342639374082103,-0.5455883745134844,0.0
0.9377436785266785,-0.5573373586845138,0.0
-0.12539986219874016,-0.5741637299368955,0.0
0.42083377876517636,-0.5643622330197517,0.0
0.6980562613661446,-0.5604203987180132,0.0
1.6865010631943884,-0.5489953306696529,0.0
1.423929573948009,-0.5517410112979386,0.0
0.6736393130609196,-0.5607497096152874,0.0
2.876609916199961,-0.5381602214173824,0.0
1.5462256306634843,-0.5504415773841262,0.0
0.25809107043520757,-0.5669276282548805,0.0
-0.21568894387618454,-0.5762643494647298,0.0
-0.03695796002434072,-0.5722922673248603,0.0
0.2886176631496639,-0.5664291862408588,0.0
-0.00959524122842383,-0.5717434201814231,0.0
0.08094259810592694,-0.5700121179729755,0.0
0.42544578698738467,-0.5642925987301861,0.0
0.034799279924234226,-0.5708791704583583,0.0
2.5630206713967634,-0.5408090248694319,0.0
-0.2911439927607206,-0.5782194832513214,0.0
1.2622444196802631,-0.5535200082977949,0.0
0.8634297694621632,-0.5582661202688421,0.0
2.8621565169808507,-0.5382796438355718,0.0
-0.17978806737844738,-0.5754022884755228,0.0
0.8195968198817921,-0.5588248781214812,0.0
2.8170552132445326,-0.5386538891302398,0.0
2.4538012930210584,-0.5417618197036789,0.0
2.2845627619563174,-0.5432720880402095,0.0
0.3303806225282772,-0.5657607979472448,0.0
0.026104126490616886,-0.5710460200223207,0.0
1.7659143913180728,-0.5481959617982756,0.0
2.6769640092040645,-0.5398321830964418,0.0
1.3749516420157537,-0.5522722545349175,0.0
1.4268453810382562,-0.5517095859416055,0.0
0.4075604196536988,-0.5645635127411017,0.0
2.11831232175401,-0.5447989240537885,0.0
0.08260984243105832,-0.569981344213863,0.0
0.5603251296580778,-0.5623204830347548,0.0
0.9159939098768671,-0.557606845173267,0.0
1.203180436641433,-0.554188788664351,0.0
0.27621267253576387,-0.5666306986218193,0.0
-0.16999557376779206,-0.5751736180525564,0.0
1.563157158229434,-0.5502645854818065,0.0
0.4378050503101232,-0.5641067520641392,0.0
1.4604822566944795,-0.5513486623939717,0.0
-0.03169819820422245,-0.5721857533667694,0.0
1.110673015751665,-0.5552583650587876,0.0
1.2904744848186998,-0.5532040590749466,0.0
-0.3907187401402781,-0.5812197325798015,0.0
0.6055049875246196,-0.5616854933315332,0.0
-0.10148624225210875,-0.573641694819478,0.0
-0.3502143986485178,-0.5799264213491356,0.0
2.88864668488003,-0.5380609536630191,0.0
0.5556921187628807,-0.5623862836536315,0.0
2.25941308137025,-0.5435002181304499,0.0
0.3189754458125945,-0.5659418313760953,0.0
1.8108500564343433,-0.5477495047298958,0.0
2.0859380894964263,-0.5451015621958497,0.0
1.5108051642361824,-0.5508140842895131,0.0
1.0772488256991586,-0.5556518124242769,0.0
0.8684769641291116,-0.5582023149496721,0.0
0.6483730780371724,-0.5610937732842345,0.0
2.67749914045068,-0.5398276353183955,0.0
2.3318992162090746,-0.5428453523154012,0.0
2.801529476407681,-0.5387832838521593,0.0
-0.13688818615359125,-0.574419185845441,0.0
1.9833456002310121,-0.5460727001580675,0.0
2.708286249604754,-0.5395666077622209,0.0
0.062287851653217575,-0.5703590266756199,0.0
-0.3392745445509704,-0.5795959244382434,0.0
2.0191728758096352,-0.5457314321927688,0.0
1.4368412888185738,-0.5516020232035562,0.0
2.3710663024891665,-0.5424948286081522,0.0
-0.08274091933878562,-0.5732411561003141,0.0
2.2083731781807905,-0.5439662619245688,0.0
0.13361056892539175,-0.5690573531847789,0.0
0.0008095286877509871,-0.5715380466742361,0.0
0.00294271417362097,-0.571496159840093,0.0
2.2758366163647157,-0.5433511303028232,0.0
1.7538727997426966,-0.5483163102449157,0.0
1.2571912362936128,-0.5535768120395308,0.0
0.6831947633598539,-0.5606204673700254,0.0
2.4946592752056747,-0.5414034477108078,0.0
0.8006863358477562,-0.5590685651824988,0.0
2.2829113120037055,-0.5432870379644176,0.0
0.9638698709436976,-0.5570161219903117,0.0
0.7465083167734601,-0.559775859651878,0.0
1.046157187002314,-0.556021291374203,0.0
0.4823671686942319,-0.5634455869570774,0.0
2.0418461256672304,-0.5455166508881374,0.0
1.1860912332192608,-0.5543842990281632,0.0
0.2405594694094788,-0.5672178576880048,0.0
2.572836049717813,-0.5407242001678522,0.0
0.7707889186016242,-0.5594571714431748,0.0
1.3287877317750656,-0.5527789606419952,0.0
2.5969365379839395,-0.5405164714045073,0.0
1.6107445495940445,-0.549770764861012,0.0
-0.16278178040160046,-0.5750068263553525,0.0
2.713498191565111,-0.5395225374128916,0.0
1.622870466591497,-0.5496457736744468,0.0
0.5995673256639447,-0.5617682665609006,0.0
-0.08449131596777393,-0.5732782480450046,0.0
2.2040329710411224,-0.5440060844368291,0.0
1.5961893248443548,-0.549921244509745,0.0
1.293520633171367,-0.5531701063534825,0.0
2.55298273746104,-0.5408959074689286,0.0
2.1850665852654725,-0.544180464047441,0.0
-0.04110075015302149,-0.5723765106276574,0.0
0.5185274250947134,-0.562918903979035,0.0
0.2974682346062182,-0.5662862627460766,0.0
2.029046387789999,-0.5456377890800501,0.0
-0.45494362610293465,-0.5835734300661812,0.0
1.420824237668562,-0.5517745039005825,0.0
2.0937331026949977,-0.5450285296104699,0.0
2.4931396786101896,-0.5414167343519969,0.0
0.6246513018499026,-0.5614199487148686,0.0
2.299186626724112,-0.5431398879460809,0.0
-0.18471320443816716,-0.5755183063698175,0.0
2.3872214642135567,-0.5423509139884592,0.0
-0.12572052840090145,-0.5741708181733154,0.0
0.8176105026930816,-0.5588503988740569,0.0
2.2154595714554635,-0.5439013077065351,0.0
-0.04724877583623955,-0.5725021047948801,0.0
0.2302052300087663,-0.5673906766848891,0.0
1.9532427443388665,-0.546361251562316,0.0
1.9454993016930282,-0.5464357476418431,0.0
1.6698340959502544,-0.5491648303833102,0.0
1.854339569866118,-0.5473213108976313,0.0
1.3258927200182766,-0.5528109353860091,0.0
0.3090405832102432,-0.5661004340919973,0.0
0.6372846662996617,-0.5612458549491857,0.0
0.06356318501087227,-0.5703351571054501,0.0
2.603849376440141,-0.5404570306002686,0.0
1.4680079916524722,-0.551268310286297,0.0
0.830067593946445,-0.558690637113297,0.0
1.043801706212006,-0.5560494226231719,0.0
2.739533002432862,-0.5393029071180777,0.0
-0.03523593006593403,-0.5722573407115997,0.0
1.4779255931340174,-0.5511626403549277,0.0
1.1971635640127998,-0.5542575204409124,0.0
1.5660722228113841,-0.5502341822516148,0.0
-0.5092834706996905,-0.5860583192433385,0.0
2.47692102339424,-0.541558743993392,0.0
2.6865457090089393,-0.5397508090796568,0.0
1.4042023212740116,-0.5519542130405279,0.0
1.8637825542358089,-0.547228832309098,0.0
2.6529367938832293,-0.5400367561783832,0.0
1.9007796661777079,-0.5468681809131818,0.0
-0.038077719986515046,-0.5723150070662342,0.0
1.4431847593625549,-0.5515338982451458,0.0
1.5495112374968425,-0.5504071779037204,0.0
0.9114302310921051,-0.5576636322927943,0.0
2.0028322799549594,-0.5458867946324031,0.0
2.6944028787072387,-0.5396841682962493,0.0
2.6636605002513893,-0.5399453602485363,0.0
1.0047762182958422,-0.556518428687887,0.0
-0.175591108877799,-0.5753039597597639,0.0
2.8707607847037035,-0.5382085207554118,0.0
2.360826078134265,-0.5425862515168889,0.0
-0.13560933161456004,-0.5743905937726728,0.0
2.647145403961384,-0.5400861768870174,0.0
2.469137747074216,-0.5416270251904851,0.0
1.2424179083643023,-0.5537433205814043,0.0
1.4955575543545463,-0.5509753883593159,0.0
0.8236061060567923,-0.5587734193418359,0.0
-0.38041347715005985,-0.5808792879831381,0.0
0.6005867063467755,-0.5617540416506694,0.0
2.234880509654704,-0.5437237070790408,0.0
-0.5573940639217856,-0.5891652640019076,0.0
0.59465110320942,-0.5618369537750024,0.0
0.8206911281966672,-0.5588108256756056,0.0
1.3072703637004028,-0.5530171846407466,0.0
2.6436993351515583,-0.5401156045070817,0.0
0.6395566944260156,-0.561214638597566,0.0
0.6416791393322091,-0.5611855029460588,0.0
2.0065257569466937,-0.5458516359211583,0.0
1.0095941961094324,-0.5564602242285879,0.0
0.2139581485632288,-0.5676640154894068,0.0
1.0103685812292762,-0.5564508771527632,0.0
-0.07894614601987361,-0.5731609566794192,0.0
0.045338820173826136,-0.5706784428891716,0.0
1.1708799383568416,-0.5545591030538417,0.0
0.8932378212358163,-0.5578908510216427,0.0
2.6261950984331532,-0.540265320510294,0.0
0.6956500910328142,-0.5604527140764486,0.0
1.4582112579368725,-0.5513729382367429,0.0
1.6387919344763593,-0.549482168732262,0.0
-0.5270497638090251,-0.5870500186629803,0.0
1.7480726693488973,-0.5483743874881865,0.0
0.05110614672763711,-0.5705692915142069,0.0
2.7877050649489212,-0.5388987451330437,0.0
-0.05163810506121209,-0.5725921973250445,0.0
0.8782044674662363,-0.5580796469895697,0.0
-0.27322603112020993,-0.5777351615474505,0.0
2.912804233163338,-0.5378622345550798,0.0
1.1842551671015877,-0.5544053595037248,0.0
1.5099185269409436,-0.5508234482225705,0.0
-0.3372411514210456,-0.5795352797552101,0.0
2.050061409233961,-0.545439053121466,0.0
0.1625590067108446,-0.568547026070413,0.0
2.5675240636801235,-0.5407700903442058,0.0
0.1458930138928942,-0.5688396314288615,0.0
0.09535371238702857,-0.5697473402880406,0.0
-0.44433846757911505,-0.5831515544637416,0.0
1.0789639407993699,-0.5556315295587975,0.0
1.403181729854503,-0.5519652711688682,0.0
-0.34203494308261373,-0.5796786387995874,0.0
2.1393987923624125,-0.544602761443933,0.0
1.013336870087578,-0.5564150694892311,0.0
1.261821143486319,-0.5535247635001321,0.0
0.9695590933117536,-0.5569465217310599,0.0
0.8297587791902186,-0.5586945893291763,0.0
1.3850071094534198,-0.5521626612362436,0.0
-0.02862848183942741,-0.5721238158402209,0.0
0.06471877505096196,-0.5703135483367737,0.0
2.440797947231281,-0.5418763702802422,0.0
2.7354524005528646,-0.5393372751384267,0.0
0.7338026758704919,-0.5599437548493668,0.0
0.3752770159135369,-0.5650586048027709,0.0
1.6797998448915963,-0.5490634071673286,0.0
0.8576186487794473,-0.5583397176113024,0.0
-0.4836105166244781,-0.5848045803225963,0.0
-0.025436983542259678,-0.5720595962895936,0.0
1.9312974412595347,-0.5465726685092652,0.0
1.7319515987884182,-0.5485361822423805,0.0
-0.47758901394232756,-0.5845333968454317,0.0
0.20475271272541096,-0.5678200858308401,0.0
0.23658080101423712,-0.5672841389470172,0.0
1.7772694064234897,-0.5480827519478756,0.0
-0.5036289978389272,-0.5857666032847496,0.0
-0.2075461729188646,-0.5760653984706673,0.0
2.2246168402980677,-0.5438174911830719,0.0
0.05288530042274045,-0.5705357164838673,0.0
1.7103638505104541,-0.5487537089967007,0.0
0.2614336123777596,-0.5668726277265785,0.0
-0.2238845202941067,-0.5764667383131015,0.0
0.27887849845918905,-0.5665872752741759,0.0
1.953292934320214,-0.5463607690718063,0.0
2.4195217492684513,-0.5420643220146972,0.0
2.3305031543813004,-0.5428578888416468,0.0
0.817247843604086,-0.558855060323433,0.0
1.7639642437306042,-0.5482154317947414,0.0
0.14534978312502222,-0.5688492231658654,0.0
0.4535963724458693,-0.5638708815039579,0.0
2.5615195944439937,-0.5408220086623303,0.0
-0.5273783623355459,-0.5870696321026859,0.0
-0.2726696768787041,-0.5777203408189465,0.0
0.15549766094165904,-0.568670611662624,0.0
-0.47957437875128084,-0.5846219875058469,0.0
0.06299561945098504,-0.5703457770414074,0.0
1.46678408849947,-0.551281368035059,0.0
0.9019722706347713,-0.557781590387519,0.0
2.5487169125962432,-0.5409328713610513,0.0
2.2858608099935274,-0.5432603402902312,0.0
0.6237271154662203,-0.5614327191750429,0.0
0.3356969109404921,-0.5656767879792409,0.0
0.7561131514178014,-0.5596494576718334,0.0
1.4921312058781184,-0.5510117152401109,0.0
0.3659040021307082,-0.5652038596659795,0.0
1.6104332361205582,-0.5497739782586976,0.0
0.859986503079147,-0.558309711489379,0.0
1.3584721169773881,-0.5524524600468049,0.0
0.9533556917415557,-0.5571450790212821,0.0
0.45820395599827946,-0.563802389030905,0.0
2.7436209052381337,-0.5392684984000948,0.0
2.0977413580316577,-0.5449910163179454,0.0
-0.08154858242778495,-0.5732159255599356,0.0
2.4641468173102563,-0.5416708546718432,0.0
1.1326591238263646,-0.5550016247738375,0.0
2.5552875855112935,-0.5408759459574143,0.0
2.224404291361047,-0.5438194351221917,0.0
0.9152147517795679,-0.557616534474429,0.0
-0.4938928378881303,-0.5852861034432713,0.0
0.3680495974294594,-0.5651705478100457,0.0
1.3220827738468899,-0.5528530515441132,0.0
1.6430339343132325,-0.5494386759922022,0.0
0.3303276848472815,-0.5657616356799949,0.0
-0.08419742238361354,-0.5732720158880195,0.0
2.3469618654322097,-0.5427102779227388,0.0
2.8692268541810853,-0.538221193875995,0.0
1.266363918078952,-0.5534737565369523,0.0
0.02887321756800618,-0.570992760359821,0.0
0.38074009045361895,-0.5649742609813856,0.0
-0.5082920176191624,-0.5860064375629745,0.0
2.624283517038105,-0.5402816947876516,0.0
-0.15979639360886885,-0.5749382034383005,0.0
1.443981919214416,-0.5515253446278207,0.0
0.3868507417725513,-0.5648801939704214,0.0
1.3659184919490697,-0.5523709407688591,0.0
1.7057312635855482,-0.5488005193605681,0.0
2.328832740330196,-0.5428728929055141,0.0
0.1503747717802482,-0.5687606294353673,0.0
-0.5345127099869552,-0.5875093566844659,0.0
-0.09284081816472332,-0.5734560486943853,0.0
2.574387658297653,-0.5407108030040055,0.0
2.4830921934191124,-0.5415046661033892,0.0
1.5170056757299204,-0.5507486537770314,0.0
1.5278517516873749,-0.550634428249609,0.0
1.7533117918192895,-0.5483219245811835,0.0
0.041786338032324365,-0.5707459175633656,0.0
2.6246788328625676,-0.5402783081871352,0.0
0.8926963531828183,-0.5578976347028952,0.0
0.768158098835077,-0.5594915661879485,0.0
1.2426962542274362,-0.553740177298381,0.0
-0.40776194075623357,-0.5818023805232558,0.0
0.00999981328999274,-0.5713581099524466,0.0
2.0083859899453826,-0.5458339374229961,0.0
-0.2821602698242694,-0.5779749291277004,0.0
1.5370606073268975,-0.5505376704922524,0.0
0.2864897382216484,-0.5664636538971578,0.0
0.7896783154646742,-0.5592111665820239,0.0
0.43802593100697895,-0.5641034406496209,0.0
0.672157246387046,-0.5607697981371724,0.0
1.9420377529398611,-0.5464690857819358,0.0
0.4674886350900961,-0.5636648169282422,0.0
1.408645518214434,-0.5519061032678869,0.0
1.0928854512847284,-0.5554672713660499,0.0
1.7485401933787896,-0.5483697035046841,0.0
2.7030077417883143,-0.5396112759370609,0.0
1.9893020061989952,-0.5460158020070616,0.0
0.18016465312813354,-0.5682413429987392,0.0
-0.4632052883713516,-0.5839136189920607,0.0
0.3456280811685058,-0.5655204816989139,0.0
1.5088454110315503,-0.5508347841873187,0.0
-0.39211391834018705,-0.5812664830213828,0.0
1.163885094353007,-0.5546397345575715,0.0
1.5150129248560298,-0.5507696718302507,0.0
0.5972542711515899,-0.5618005661512998,0.0
2.123271559792032,-0.5447527220202073,0.0
-0.19883125694802684,-0.5758547483645319,0.0
-0.30899511997637147,-0.5787163489657309,0.0
1.9739854300587625,-0.5461622435455105,0.0
1.1608274198697848,-0.5546750307781215,0.0
1.834959854944293,-0.5475116552741803,0.0
0.948815055880902,-0.5572009033519528,0.0
0.29017109156972504,-0.5664040499236871,0.0
2.291656765748412,-0.5432079168442648,0.0
2.2228690291703863,-0.5438334785342481,0.0
1.856953416226451,-0.5472956949932679,0.0
0.3801730738850379,-0.5649830042704145,0.0
1.4919065935854412,-0.551014097652926,0.0
0.6906867171806023,-0.5605194669293053,0.0
-0.2514013643016753,-0.5771630030592063,0.0
2.6348172990833265,-0.5401915237056365,0.0
-0.09307523293609313,-0.5734610614669138,0.0
2.7498544189833614,-0.539216069611218,0.0
0.987883165068034,-0.5567231926933479,0.0
-0.5689059890582913,-0.5954847157228014,1.0
-0.5679856211728417,-0.5971169231622737,1.0
-0.5682439409585507,-0.5947245514037842,1.0
-0.568442617930765,-0.5971146008567758,1.0
-0.5697711237418831,-0.5957414764950356,1.0
-0.5697712764656393,-0.5957969695503206,1.0
-0.5707469430054415,-0.5958993672350343,1.0
-0.568077635040296,-0.5964145715357806,1.0
-0.5684385719272883,-0.5966680378294427,1.0
-0.568276769579641,-0.5970244197479805,1.0
-0.5717704172157888,-0.5951950232461427,1.0
-0.5679658701590585,-0.5963346147745314,1.0
-0.5681168847584486,-0.5948099925886834,1.0
-0.5694666603057689,-0.5963748159336354,1.0
-0.5696199181950385,-0.5942350456594504,1.0
-0.5696113736526323,-0.5962647671000681,1.0
-0.5691113636159382,-0.5947354827390566,1.0
-0.5685727980467311,-0.5945817981378786,1.0
-0.5687651013540032,-0.5970378008164399,1.0
-0.5691545508737288,-0.5958134191372215,1.0
-0.5684210781189578,-0.595805787950178,1.0
-0.5698817110596299,-0.596218666247975,1.0
-0.5691514500236187,-0.5942030580326726,1.0
-0.5689278012588204,-0.5965518958759296,1.0
-0.5687114051212617,-0.5952074987547944,1.0
-0.5681746431661545,-0.5948787817631229,1.0
-0.5695274145337902,-0.5964726233928794,1.0
-0.5685928104294475,-0.5962832768745644,1.0
-0.5684529771157831,-0.5970636815647091,1.0
-0.5709675731156098,-0.5940563164463771,1.0
-0.5684280594829639,-0.5969510441736914,1.0
-0.5696833055786137,-0.5955503887060007,1.0
-0.5706350829417774,-0.5948904684292946,1.0
-0.5679875236239431,-0.594913116250241,1.0
-0.5679702377059576,-0.5970867456259786,1.0
-0.5681458453829843,-0.5966721116527927,1.0
-0.5691101579053965,-0.5942456576020662,1.0
-0.5702337296990205,-0.5938521257686145,1.0
-0.568310608322619,-0.5955638329641755,1.0
-0.5687465041773913,-0.5947552744580612,1.0
-0.5700137583533676,-0.5941815455327621,1.0
-0.5686301222494131,-0.5967166171856098,1.0
-0.5712642910081912,-0.5930271982257173,1.0
-0.5680296060279824,-0.5973887711107854,1.0
-0.5692712583074973,-0.596415333759973,1.0
-0.5683424672253092,-0.5949528236642891,1.0
-0.5690874031533125,-0.59539597083632,1.0
-0.5685816651775147,-0.5970781482557916,1.0
-0.5685323039537942,-0.5945821782373019,1.0
-0.5696035946809401,-0.5944554879635601,1.0
-0.567966201527885,-0.5970912885289719,1.0
-0.5681873628556308,-0.5961776274234738,1.0
-0.5679973464790019,-0.5949366293465019,1.0
-0.5680454809819797,-0.5954859552635561,1.0
-0.5684438705756725,-0.5965006390679912,1.0
-0.5680160583647643,-0.5973849018977572,1.0
-0.5703312029363757,-0.5942944454200989,1.0
-0.5695458459387452,-0.5963206899286755,1.0
-0.5709939120621704,-0.5955609586201736,1.0
-0.5690451535014938,-0.5967642835798745,1.0
-0.5688693835477138,-0.5958387226754861,1.0
-0.5692244028909691,-0.5964458035351137,1.0
-0.5681212923460739,-0.5957122812684857,1.0
-0.56895405878686,-0.5968106878663658,1.0
-0.5691901058933548,-0.5966885038189351,1.0
-0.5685395852760888,-0.5958376782400934,1.0
-0.5698716341114022,-0.5941938425015211,1.0
-0.5681534529520594,-0.5968530053824904,1.0
-0.5705005009543547,-0.5947761514364515,1.0
-0.567948724840783,-0.5953425994027767,1.0
-0.5681910511104715,-0.59552864871214,1.0
-0.5695321660758742,-0.595421162861131,1.0
-0.5730640521599195,-0.5930695399306531,1.0
-0.5681372488598664,-0.5972656444268718,1.0
-0.5682784667828479,-0.5947045203495024,1.0
-0.5682479807796214,-0.5947974090266565,1.0
-0.5681922986314424,-0.5973656787827551,1.0
-0.5705072258802959,-0.5958600501718934,1.0
-0.5689493278604861,-0.5946366185842155,1.0
-0.5700649941618192,-0.5939455399921973,1.0
-0.5680811463777798,-0.5962344356914219,1.0
-0.568402766730413,-0.5970334257528351,1.0
-0.5690283884812966,-0.5962715345789287,1.0
-0.5706580115259913,-0.5946125631978849,1.0
-0.5690897156272006,-0.5942381421033924,1.0
-0.5690456000405448,-0.5968666592718822,1.0
-0.5682471692510344,-0.5959889467592945,1.0
-0.5683804177482736,-0.5947183045946441,1.0
-0.5680539249739521,-0.5972445445631257,1.0
-0.568677034162989,-0.5963312754055983,1.0
-0.5700337394113009,-0.5938657925730539,1.0
-0.568269578470694,-0.5947451080296462,1.0
-0.5682058232247038,-0.5954172358000794,1.0
-0.5685063228186589,-0.5965303216188751,1.0
-0.5681926870872229,-0.5971637062997448,1.0
-0.568632882216816,-0.5953114852829835,1.0
-0.5685766155034555,-0.5968898684321837,1.0
-0.5687752264990171,-0.5946665793077356,1.0
-0.5715624152692692,-0.5931007441188686,1.0
-0.570135450487596,-0.5957586721540533,1.0
-0.5713530727309825,-0.5929482454919871,1.0
-0.5683821969827536,-0.5970900947127435,1.0
-0.5690790555479793,-0.5943812444895269,1.0
-0.5686037528250613,-0.5948123872506892,1.0
-0.568031513681997,-0.5951517468884733,1.0
-0.5693081596670357,-0.5962780564667721,1.0
-0.5688156945988805,-0.5965455847923541,1.0
-0.5682126441502429,-0.597354844801411,1.0
-0.5693929083207562,-0.5946636651450976,1.0
-0.5704688370114781,-0.5960509179516182,1.0
-0.5691595764580707,-0.5954394713535464,1.0
-0.569738721280473,-0.5958135922815869,1.0
-0.5680077085947077,-0.5949733642150703,1.0
-0.5681461839639934,-0.5959698928388267,1.0
-0.5683868759442553,-0.5968751838548354,1.0
-0.5680716252937348,-0.597169751685428,1.0
-0.5681516377593279,-0.59552797485903,1.0
-0.5695944688595909,-0.5963122013310647,1.0
-0.5680479888657414,-0.5951471336492304,1.0
-0.568545710198333,-0.5963738776493426,1.0
-0.5681470159989687,-0.5947890687729859,1.0
-0.5680440863193885,-0.596033544487178,1.0
-0.5690676581381874,-0.5954304342924487,1.0
-0.5701158681470799,-0.5937002077306736,1.0
-0.5693966416344244,-0.5965634084623972,1.0
-0.5687762281565332,-0.5944557284220849,1.0
-0.5681341599257669,-0.597074133142005,1.0
-0.5680838664976214,-0.5948248277068697,1.0
-0.5728383268345073,-0.5932179391886261,1.0
-0.5685995332498406,-0.5969563610519075,1.0
-0.5687989176915514,-0.5947859878705365,1.0
-0.569422226580673,-0.595666893880654,1.0
-0.5700315028035142,-0.5943625295978567,1.0
-0.5690085337526181,-0.5968841800618001,1.0
-0.5679937658904128,-0.5953311452928919,1.0
-0.569051635228034,-0.5945626981989649,1.0
-0.5685840949641812,-0.5950268185209098,1.0
-0.5682838467206436,-0.5957417216789993,1.0
-0.5689351970258718,-0.5955758633585412,1.0
-0.5679639647148435,-0.5968084592975215,1.0
-0.5679735018263427,-0.5970001346528376,1.0
-0.5692983407175284,-0.5947021297490931,1.0
-0.5686259974438814,-0.5961130643659324,1.0
-0.5691223480484552,-0.5952516950143926,1.0
-0.5691764645736238,-0.59605926215233,1.0
-0.5711950864866753,-0.5942798087424398,1.0
-0.5684247806850699,-0.5946543441553291,1.0
-0.5686152656336574,-0.594516898558274,1.0
-0.5708661142545601,-0.5955879098013853,1.0
-0.5691981850492387,-0.5958280318091609,1.0
-0.5680307525273108,-0.5951538906871432,1.0
-0.5693474926281038,-0.595536218861969,1.0
-0.5698441877037028,-0.5942478888889434,1.0
-0.5686416100880732,-0.5953535129911057,1.0
-0.5679499635809898,-0.596260785189534,1.0
-0.5693372634711614,-0.5941897040796525,1.0
-0.5683282336066964,-0.594732955588814,1.0
-0.568204739941681,-0.5972516980107438,1.0
-0.5693554603508011,-0.5961299164244511,1.0
-0.5682490531896514,-0.5956020836885054,1.0
-0.5689239758174589,-0.5944912841197026,1.0
-0.5683885900761343,-0.596152236406312,1.0
-0.5683866794887473,-0.5966164738239306,1.0
-0.5685522673615028,-0.597096718703315,1.0
-0.5703113465776404,-0.594805411790765,1.0
-0.5681134960972329,-0.5951109671833579,1.0
-0.5690590693428241,-0.5946002491380938,1.0
-0.5695947418372143,-0.5962274216482765,1.0
-0.5710961897886263,-0.5930866487834328,1.0
-0.568455518165788,-0.5948217733022055,1.0
-0.5683202852488545,-0.5965387911654599,1.0
-0.5719831446945944,-0.5942533392756121,1.0
-0.568596933355866,-0.5945248828738641,1.0
-0.5694028999166788,-0.5943485518612229,1.0
-0.5683686859800186,-0.596856460812776,1.0
-0.5696612944612462,-0.5965168250164128,1.0
-0.5683009736980167,-0.5947914148493517,1.0
-0.568874332212771,-0.5946692909822116,1.0
-0.5680002628741352,-0.5955512301491954,1.0
-0.569895781114021,-0.5947728251126243,1.0
-0.5689984857263319,-0.5967603654555222,1.0
-0.5700856282051067,-0.5941017007284107,1.0
-0.5680130411575895,-0.5968654537928676,1.0
-0.5680649823265725,-0.5962786376949932,1.0
-0.5692744640346985,-0.5944704861349941,1.0
-0.5683462598668656,-0.5948464682812231,1.0
-0.5681351177096665,-0.5952155253615508,1.0
-0.5685170775616372,-0.5960130598840396,1.0
-0.5685636259189016,-0.5969015871988009,1.0
-0.5693380922561908,-0.59409590357261,1.0
-0.570281047845189,-0.5956288705516514,1.0
-0.5680428472263993,-0.597229996095165,1.0
-0.5680393269525673,-0.59713595129443,1.0
-0.5683873476109977,-0.5972342019135068,1.0
-0.5690044027568405,-0.5944219921026086,1.0
-0.568975174220553,-0.5949611634022867,1.0
-0.5682521252609268,-0.5948937984955301,1.0
-0.5680429634135603,-0.5973586782492653,1.0
-0.5680540656611093,-0.5970350606870383,1.0
-0.5681813357629597,-0.5960303372229632,1.0
-0.5683735081991786,-0.596854840614787,1.0
-0.5703810110278066,-0.594421674846264,1.0
-0.5697362280981576,-0.5964418236407937,1.0
-0.568041374369635,-0.5948508034505524,1.0
-0.568429875742048,-0.5946553784402069,1.0
-0.5725635404778372,-0.5923252507356874,1.0
-0.5701960397178218,-0.5954185190817525,1.0
-0.5683410075607149,-0.5956065003889984,1.0
-0.5731492930092665,-0.5941257340060354,1.0
-0.569741256452278,-0.5947679960854647,1.0
-0.5685286537638156,-0.5964633291456249,1.0
-0.5682996054687685,-0.5959327656613277,1.0
-0.5683583441609206,-0.5972463368360034,1.0
-0.5694126590759465,-0.5964139253087707,1.0
-0.5682710556911592,-0.5964322108907315,1.0
-0.5693570765711191,-0.5966733846993181,1.0
-0.5690449428680755,-0.59667951321826,1.0
-0.5682245634023501,-0.5969962196889572,1.0
-0.5683618790939369,-0.5956366294260766,1.0
-0.5680971650642245,-0.5966607694100144,1.0
-0.5683498160499443,-0.5966001481742736,1.0
-0.5684940221260528,-0.5948056442405253,1.0
-0.5702749988984527,-0.5942200577628762,1.0
-0.568924156703392,-0.5944179732376135,1.0
-0.5692470392029454,-0.5966304624901719,1.0
-0.5693293999696232,-0.5959904589371672,1.0
-0.5679627164430238,-0.5964424254672236,1.0
-0.5688582104971386,-0.5948232297304673,1.0
-0.568048556304157,-0.5949026969423812,1.0
-0.5683904156358875,-0.5948724931293872,1.0
-0.5681625919488257,-0.5947705840660276,1.0
-0.5686153480512202,-0.5945106982829378,1.0
-0.5684791906724299,-0.5967223063260346,1.0
-0.5686354424441472,-0.5955501287553829,1.0
-0.5695495823921735,-0.5945845861847278,1.0
-0.5682569052784004,-0.5947426268536369,1.0
-0.5691906762703587,-0.5964618421241703,1.0
-0.5716061688631234,-0.5940541253178871,1.0
-0.5683682274119684,-0.5972358189439445,1.0
-0.5696458685286581,-0.5962278566490345,1.0
-0.5679963377419546,-0.5969942292698417,1.0
-0.567982286248736,-0.5969775299455797,1.0
-0.5680236002336028,-0.5958459109498124,1.0
-0.5689176147885652,-0.5949770857817767,1.0
-0.5720527203008212,-0.5926418250445746,1.0
-0.5680091753552081,-0.5974710813011913,1.0
-0.5687737414074396,-0.5961638176070018,1.0
-0.5679691917095435,-0.5966207201839224,1.0
-0.5679722986595549,-0.5963474691112073,1.0
-0.5680927698356266,-0.5974095276684381,1.0
-0.5691436882893762,-0.5956185775188593,1.0
-0.5688785247119964,-0.5967684225410156,1.0
-0.5680949415114933,-0.5949423604435107,1.0
-0.5690710237431233,-0.5945472741178776,1.0
-0.5696892983824472,-0.5939262932231696,1.0
-0.5685142335101162,-0.595812909130178,1.0
-0.568000869799264,-0.5948669623090759,1.0
-0.5682937187016114,-0.5972227450416633,1.0
-0.5684909798902433,-0.5971600302423578,1.0
-0.5702387539263877,-0.5936510972181428,1.0
-0.5684159974912243,-0.5957760147016615,1.0
-0.567945559208897,-0.5953951001713722,1.0
-0.5698775409470671,-0.5961307393204369,1.0
-0.5685849732595155,-0.5945282232869366,1.0
-0.5680649443533358,-0.5963658277770033,1.0
-0.5682321672448967,-0.5956483539182269,1.0
-0.5682923200954385,-0.5950974088989571,1.0
-0.5682845987400085,-0.5970014615434531,1.0
-0.5689465056862033,-0.5968412543497108,1.0
-0.5691465680975384,-0.5967862806947037,1.0
-0.5681446680773514,-0.5969778305742705,1.0
-0.5681437501791554,-0.5951928391533573,1.0
-0.5680766132885541,-0.5948199568665957,1.0
-0.5680253555576927,-0.5965995960331355,1.0
-0.5685983827269805,-0.5956378231229518,1.0
-0.5686175536364787,-0.5966133631449032,1.0
-0.5681582704866928,-0.5950648952148873,1.0
-0.5683613757474508,-0.5949280219205447,1.0
-0.5682853264630938,-0.5972435726683989,1.0
-0.5681613727315235,-0.5965735834986109,1.0
-0.5680508198189755,-0.5965393256669522,1.0
-0.5690074224152465,-0.5966599601086343,1.0
-0.5689032420218203,-0.596861539986549,1.0
-0.570271765747167,-0.593684355031119,1.0
-0.5684768364350782,-0.5947477930619713,1.0
-0.5712206867194343,-0.595578293042954,1.0
-0.5686909766155344,-0.5954723996933324,1.0
-0.5685396789471971,-0.5959719312903459,1.0
-0.5691705831719288,-0.5952556670370486,1.0
-0.56845561796652,-0.5947431512032504,1.0
-0.5713826705526744,-0.5944407839026729,1.0
-0.571182823983054,-0.5932684445733483,1.0
-0.5681286363289001,-0.5953642224362237,1.0
-0.5689445851593916,-0.5963113767697467,1.0
-0.5699739244242384,-0.5962994885180029,1.0
-0.5685775412791765,-0.5957798012322344,1.0
-0.5681939356555534,-0.5950031926517158,1.0
-0.56945059238165,-0.595658927198381,1.0
-0.5684034131423682,-0.5961692180730106,1.0
-0.5703669395316855,-0.5942661036552749,1.0
-0.5708622297326378,-0.5958036052054346,1.0
-0.5685604522285965,-0.5950342738267674,1.0
-0.5685433445895478,-0.5947863062466526,1.0
-0.5683806154669034,-0.5948666758531365,1.0
-0.5682519406471038,-0.5951101910513438,1.0
-0.5679598351481983,-0.5971248379111146,1.0
-0.568588849048347,-0.5966084252188871,1.0
-0.5690523888914457,-0.5950774854074823,1.0
-0.5681621260184783,-0.5951187557949207,1.0
-0.5692262861979177,-0.59522302982969,1.0
-0.5687491588867996,-0.5958398363908124,1.0
-0.5704500764499323,-0.5934605419506729,1.0
-0.5715650718883954,-0.5929981251003432,1.0
-0.5679732953742574,-0.5973352864999348,1.0
-0.5681126948750199,-0.5950651677928175,1.0
-0.5682937976183267,-0.5972668337823775,1.0
-0.5688191432914543,-0.5951675018702178,1.0
-0.5696673870124886,-0.5946158287892361,1.0
-0.5697684782507506,-0.5946825075289817,1.0
-0.5693043994201213,-0.5960744279908666,1.0
-0.5685277667092532,-0.5952276104064628,1.0
-0.5682677085279081,-0.597296334102621,1.0
-0.5683459405467461,-0.5952223478208687,1.0
-0.5691936309617772,-0.5945169447977061,1.0
-0.5679813164983992,-0.5949553688441083,1.0
-0.5682360050235359,-0.5950600821569338,1.0
-0.5685185855968974,-0.5971451531005901,1.0
-0.5684212915394228,-0.5961497392473092,1.0
-0.5687937497821041,-0.5968896511396271,1.0
-0.5693143661621212,-0.5945382302855563,1.0
-0.5689562230565571,-0.5961768454751465,1.0
-0.5682096475035632,-0.5959171284894151,1.0
-0.5721228996060692,-0.5948729396680961,1.0
-0.5700632603149588,-0.5937178029525847,1.0
-0.5709771342130969,-0.5951728793655359,1.0
-0.5710973120065671,-0.5930958636967465,1.0
-0.568089934705049,-0.5965527547991993,1.0
-0.568282949193666,-0.5947065329501369,1.0
-0.5686729440268411,-0.5945615896038503,1.0
-0.5702320925175617,-0.5941606726413229,1.0
-0.5686372532031455,-0.5971104317475835,1.0
-0.5686744079589996,-0.596035182090158,1.0
-0.569667914149317,-0.5944120497003088,1.0
-0.5687607498372753,-0.5947179757394102,1.0
-0.568844713368861,-0.5948680704935636,1.0
-0.5684146443041795,-0.5946615261733164,1.0
-0.5683842434013388,-0.5952664790664571,1.0
-0.5709922391435466,-0.5956543038288737,1.0
-0.568905797842457,-0.595673820830146,1.0
-0.5683987141535675,-0.5957238737016878,1.0
-0.5686143673409152,-0.5951256487197532,1.0
-0.5680887466218023,-0.5970052690833606,1.0
-0.5683481936030501,-0.5965702156631112,1.0
-0.5697282801222721,-0.5942428100707466,1.0
-0.5705547027484718,-0.5959970897882146,1.0
-0.5683729118401013,-0.5972621849773522,1.0
-0.5715209254559633,-0.5954017221399373,1.0
-0.5684641122042559,-0.5971787922152408,1.0
-0.5679965776733055,-0.5964618638927134,1.0
-0.5684816422971389,-0.5953816773524273,1.0
-0.5688706740750809,-0.5968595500118057,1.0
-0.5683715763105965,-0.5957879282311848,1.0
-0.5687066874432246,-0.5948405408475247,1.0
-0.5685342821163886,-0.5964018434019054,1.0
-0.5679952811450211,-0.5967408594587955,1.0
-0.5688759499149904,-0.594564060405322,1.0
-0.5679747928553673,-0.5949256629558796,1.0
-0.5680339290015853,-0.595621400424716,1.0
-0.5695468128302718,-0.595947789656003,1.0
-0.5705717438194132,-0.5936047282617161,1.0
-0.5702028131903555,-0.5938154523678293,1.0
-0.5718905763505984,-0.593411226382889,1.0
-0.5702669330205231,-0.5937102860664593,1.0
-0.5683123806471347,-0.5971068120796805,1.0
-0.5705460667488746,-0.5953028394985129,1.0
-0.5690646424801095,-0.5968163565518904,1.0
-0.5681022370210413,-0.5949139058150476,1.0
-0.5716494415511097,-0.5952323245983114,1.0
-0.568138452701944,-0.5961429825429267,1.0
-0.5691868749464888,-0.595664223343117,1.0
-0.5700456157973833,-0.5959076754151842,1.0
-0.5682927150668398,-0.5957322655566909,1.0
-0.5683938590994058,-0.5955769626914688,1.0
-0.5680648329354632,-0.5966141205993034,1.0
-0.5682397961636844,-0.5947323560435431,1.0
-0.5681518727884102,-0.5960091102114058,1.0
-0.5691862449285049,-0.5951977509456025,1.0
-0.5696440359772091,-0.5965321129526763,1.0
-0.5682191207725554,-0.5948553527376591,1.0
-0.568147757119616,-0.5954812409192158,1.0
-0.5679451089240833,-0.5965089891304135,1.0
-0.5688103290109812,-0.5964708288742994,1.0
-0.5689126643469382,-0.596818160650136,1.0
-0.5681857324203691,-0.5952532567310578,1.0
-0.568999247309767,-0.5969015765792176,1.0
-0.5680065830338481,-0.5963335193047253,1.0
-0.5680865308043737,-0.5960677093632566,1.0
-0.5687718744346157,-0.5969356658800942,1.0
-0.5682187834345405,-0.5947431109186806,1.0
-0.5682139635647226,-0.5955089930081767,1.0
-0.5701800869328365,-0.5942210864378725,1.0
-0.5680369870696979,-0.5964986091013701,1.0
-0.5686102205882699,-0.5951571441341195,1.0
-0.5681240144668552,-0.5949254125921905,1.0
-0.5690613216522872,-0.5945767726758057,1.0
-0.5680447128951814,-0.5949170880690808,1.0
-0.5688680514831201,-0.5946323135580223,1.0
-0.5724021563949875,-0.5949184989690385,1.0
-0.5680338948049467,-0.5956972623312016,1.0
-0.5703005023227601,-0.5936739299176511,1.0
-0.5690635961228208,-0.5963176730762325,1.0
-0.5679862993750774,-0.5973027802193108,1.0
-0.5679857325488489,-0.5972888432458104,1.0
-0.5684851446097478,-0.5971620689136387,1.0
-0.5683893226109545,-0.595028261476297,1.0
-0.5687280620504794,-0.5957243924810945,1.0
-0.56914785125858,-0.5962331355726206,1.0
-0.5690350796387472,-0.5964833551712051,1.0
-0.5683276708873662,-0.5948162788950471,1.0
-0.5682168070423216,-0.5973511606882556,1.0
-0.5681666182744679,-0.5947902678982812,1.0
-0.5681690689275952,-0.596818838168238,1.0
-0.5703013743888379,-0.5935971214321786,1.0
-0.568631633048259,-0.5967983249553903,1.0
-0.5707559046358563,-0.5952637658437393,1.0
-0.5685272231853475,-0.5946938913582891,1.0
-0.5687434158045571,-0.5969800926377026,1.0
-0.5680533778223906,-0.5973331623400123,1.0
-0.5689703609653599,-0.5959378946860346,1.0
-0.5700548349194753,-0.5952163152063733,1.0
-0.5698572480811397,-0.5963885532503104,1.0
-0.5682048813370244,-0.5971107975863327,1.0
-0.5684108525428894,-0.5956017738136504,1.0
-0.5701994411208593,-0.5945244780499788,1.0
-0.5703814002830971,-0.5945051024604331,1.0
-0.5682867318329384,-0.5951124514645274,1.0
-0.5705244673351614,-0.5941345137949673,1.0
-0.5681295261761772,-0.5971081242342937,1.0
-0.5682793269711044,-0.5955402007853662,1.0
-0.5704143259112273,-0.5936864047196551,1.0
-0.5703728554464907,-0.5935107882185123,1.0
-0.5679489725263119,-0.5949771601310136,1.0
-0.5689066997527263,-0.5948429094476646,1.0
-0.5689163252684059,-0.5943407931279105,1.0
-0.568140479395742,-0.5962933770188366,1.0
-0.5679892296499697,-0.5974737070462949,1.0
-0.5679496121733246,-0.5954044756034691,1.0
-0.5682154898722841,-0.595553271594916,1.0
-0.5689014637095148,-0.5954317000777994,1.0
-0.570388542376122,-0.5958855875161232,1.0
-0.5681847988370305,-0.5970004787270171,1.0
-0.5685113931330827,-0.5958553897150538,1.0
-0.5687829263148678,-0.5944622171715422,1.0
-0.5680328341616231,-0.5974581466838269,1.0
-0.570105640353081,-0.5960619530699096,1.0
-0.56863522699597,-0.5952829771102205,1.0
-0.5723564027514069,-0.5945649351329455,1.0
-0.5686844989119935,-0.5952795306364457,1.0
-0.5707776771268653,-0.5933700868258013,1.0
-0.5700401718646942,-0.5943342204636632,1.0
-0.570050967956874,-0.5961525111468997,1.0
-0.5683625220416559,-0.5966924944337225,1.0
-0.5682251545991761,-0.5973349061672621,1.0
-0.5684681801740838,-0.5963158251774359,1.0
-0.5679737839269777,-0.5963464586815397,1.0
-0.5689051177307434,-0.5963156561977555,1.0
-0.5691734461429576,-0.5942388895297457,1.0
-0.5680748749597605,-0.5974290319635032,1.0
-0.5694156301564912,-0.5948396086330563,1.0
-0.5679727062647578,-0.5972245234013405,1.0
-0.5722893394488512,-0.5927292518484004,1.0
-0.5679659017658789,-0.5964148447421803,1.0
-0.5710400924630096,-0.5943963349770589,1.0
-0.5680495574967708,-0.596832572520095,1.0
-0.5685672692263148,-0.5945484829695263,1.0
-0.5679426583591631,-0.5950234298057254,1.0
-0.5705105398969044,-0.5960348383175482,1.0
-0.5685194767399722,-0.5963102001667936,1.0
-0.5679664890395901,-0.5974573181058797,1.0
-0.568575925824389,-0.5971408444726772,1.0
-0.5683931433309692,-0.5967109000471017,1.0
-0.5682941178284,-0.5972828707850446,1.0
-0.5687147228729118,-0.5962135787105929,1.0
-0.5683960369038357,-0.5958294421885705,1.0
-0.5684665800250808,-0.5945960047568205,1.0
-0.5680385153057134,-0.595386597617995,1.0
-0.5709891422004506,-0.595751522868409,1.0
-0.5691900050417917,-0.5967160418251729,1.0
-0.5679859359430892,-0.5974677083324536,1.0
-0.5680505329440221,-0.5971025255162582,1.0
-0.5687123007345337,-0.5945156124178522,1.0
-0.5684077974508625,-0.5969953440766436,1.0
-0.5692026813235816,-0.59591999722915,1.0
-0.5695862900034794,-0.5942334943943443,1.0
-0.5686950158982506,-0.5967869691336553,1.0
-0.5689635228570359,-0.5969187025252907,1.0
-0.5684676936229999,-0.5955759689401783,1.0
-0.57045920269087,-0.594689518423308,1.0
-0.5679613117664984,-0.5954920432483605,1.0
-0.5679494020751581,-0.5950512926461643,1.0
-0.5682906969651486,-0.5958936047800193,1.0
-0.5685516743221044,-0.5966074091618918,1.0
-0.5690943479263114,-0.5968142028379988,1.0
-0.5681392700401435,-0.5948291287399889,1.0
-0.5683098892506555,-0.594723601839155,1.0
-0.569730206820284,-0.594965201814665,1.0
-0.5680278616430453,-0.5948920255009043,1.0
-0.5681287123853708,-0.5955066927575158,1.0
-0.5679865719494216,-0.5968185635858662,1.0
-0.5682524467496302,-0.5947206512184402,1.0
-0.5684185584823751,-0.5960308916494027,1.0
-0.5687969502504014,-0.5948809939094669,1.0
-0.568004492719428,-0.5951217952880359,1.0
-0.5680777631013141,-0.5966909603186136,1.0
-0.5709941001745578,-0.5955487966937293,1.0
-0.5715263096091214,-0.5952414532371592,1.0
-0.5689009287621487,-0.5949397045228799,1.0
-0.5681432137547001,-0.5947843659856841,1.0
-0.5679483352585398,-0.5962819443833282,1.0
-0.5698072423214393,-0.5941119184368351,1.0
-0.5684501190435005,-0.5949831830238735,1.0
-0.5688893770705709,-0.5956695136809425,1.0
-0.5679658655283129,-0.5963228058933648,1.0
-0.5681054658187533,-0.5948871333432519,1.0
-0.5681099229314662,-0.5953335607838117,1.0
-0.5686844303614726,-0.5953591286479747,1.0
-0.5688050708260219,-0.5944667381270915,1.0
-0.5692169381704196,-0.5942055946723928,1.0
-0.5707764115880861,-0.5933107479690358,1.0
-0.5680792947740692,-0.5961401184917728,1.0
-0.5681403560882535,-0.596029217317068,1.0
-0.5679359615166523,-0.5959627225751382,1.0
-0.5679390111596577,-0.5961187594593236,1.0
-0.5685166667500922,-0.5954198698709448,1.0
-0.5681952275754225,-0.5958138559373383,1.0
-0.5679918228880633,-0.5963459733928259,1.0
-0.5680966718914207,-0.5973664870392561,1.0
-0.5693158942514154,-0.5954532682480534,1.0
-0.5687234491967836,-0.596905631712374,1.0
-0.5699577414232775,-0.5941315570487241,1.0
-0.5679821594243769,-0.596702748612014,1.0
-0.5684302903569544,-0.5946628355323602,1.0
-0.5693935793611603,-0.5950330829834631,1.0
-0.5683288730665401,-0.5954688824097669,1.0
-0.5684109961087167,-0.5958328058067391,1.0
-0.5689501633529636,-0.5943256860682461,1.0
-0.5700848967143368,-0.5942773758024115,1.0
-0.568329060615494,-0.5957884599762853,1.0
-0.5685812099391837,-0.5967507156295612,1.0
-0.568190956918068,-0.5953593918596694,1.0
-0.5685814838015144,-0.5969784138428313,1.0
-0.5680937293419117,-0.5962000363269703,1.0
-0.568522956943683,-0.5963927041605215,1.0
-0.5685069201479641,-0.5970970972894649,1.0
-0.568065754923824,-0.5948888098128812,1.0
-0.5688324477453061,-0.5969135982246503,1.0
-0.5699212877195186,-0.5956811417156405,1.0
-0.5714398466292885,-0.5936185693179351,1.0
-0.5682131855440571,-0.5969518676686834,1.0
-0.5684075155559554,-0.5971951631731898,1.0
-0.5682823569431985,-0.5950574064137237,1.0
-0.5694637565887741,-0.5949174339162115,1.0
-0.5699040719926479,-0.5962304648459685,1.0
-0.5721126109146677,-0.5946070493691556,1.0
-0.568971283320744,-0.5966411025619579,1.0
-0.5684571502452995,-0.595637799418461,1.0
-0.5688603584291477,-0.5948134496911328,1.0
-0.568752532857793,-0.5958331298104292,1.0
-0.5680352307043137,-0.5957141230745211,1.0
-0.5689778772599694,-0.5947539966171785,1.0
-0.5685932811743805,-0.5968063598196167,1.0
-0.568176561488479,-0.5973065756382171,1.0
-0.5688495895635256,-0.595544136807858,1.0
-0.568404688929063,-0.594644420617194,1.0
-0.5680819935531256,-0.59743012470573,1.0
-0.567986862534399,-0.5961174535938211,1.0
-0.5698294461833835,-0.5945011740441163,1.0
-0.5680110194175498,-0.5949400443911105,1.0
-0.5686362480057012,-0.5965493678161395,1.0
-0.5692733051279655,-0.5951426873399761,1.0
-0.5687047857801716,-0.5950386064129685,1.0
-0.5679556113566271,-0.5949427688618056,1.0
-0.5686352410560704,-0.5952998085545155,1.0
-0.5690348179553117,-0.5963068735956358,1.0
-0.5683868804713748,-0.5968805117747992,1.0
-0.5693450883580562,-0.5966477730641708,1.0
-0.5704832650536679,-0.5940635501084723,1.0
-0.5699598826751083,-0.5937746166820095,1.0
-0.5699662943244721,-0.5948602403627415,1.0
-0.5697975328832527,-0.59600624502605,1.0
-0.5698864432356412,-0.5947129827501347,1.0
-0.5683752901966895,-0.5946485873140954,1.0
-0.5696196187908822,-0.5941494919299174,1.0
-0.5689852471815923,-0.5943386317242196,1.0
-0.5680433179582063,-0.597407685932642,1.0
-0.5686733862543799,-0.5948596634633447,1.0
-0.568334986051107,-0.5972843457251986,1.0
-0.5696729573621945,-0.5943501058358264,1.0
-0.5695646427112236,-0.5950300268908416,1.0
-0.5710939299409491,-0.5931021502947502,1.0
-0.5696925540000473,-0.5948981217044259,1.0
-0.5691983840614298,-0.5959668890431389,1.0
-0.5696464275283686,-0.5960406637028909,1.0
-0.5703288617933752,-0.5948282044208192,1.0
-0.5700251740548032,-0.5961262885896659,1.0
-0.5687012565017139,-0.596331490793079,1.0
-0.5694950024119997,-0.5957877374892785,1.0
-0.5689334589689902,-0.5943672781350422,1.0
-0.568613815664081,-0.5958229955057068,1.0
-0.568301750369248,-0.5958790254693423,1.0
-0.5711322498931916,-0.5956571839799503,1.0
-0.5681568911314449,-0.5973527917419279,1.0
-0.5683954981115494,-0.5950322506240304,1.0
-0.5704093582794216,-0.5935199592902629,1.0
-0.5680692267783207,-0.5949510998193623,1.0
-0.5680171327160195,-0.5952313144032169,1.0
-0.57069731435913,-0.5958800548633147,1.0
-0.5692044763801264,-0.5946741500121773,1.0
-0.5681485331653875,-0.5970096872231545,1.0
-0.568222225673892,-0.5955050000422694,1.0
-0.5696053781544874,-0.595266348677684,1.0
-0.5694806688294727,-0.5960846795526303,1.0
-0.5689167786435736,-0.5944450778303582,1.0
-0.5686516118738967,-0.5956869947315672,1.0
-0.5684107938773564,-0.5955100280270136,1.0
-0.5689209435654666,-0.5968532508794436,1.0
-0.568697498513159,-0.5956710073791454,1.0
-0.5682232677458202,-0.5948552139842703,1.0
-0.5712005520484563,-0.5947985766707603,1.0
-0.5692957753927238,-0.5962909942332116,1.0
-0.5682694333049129,-0.594836346107278,1.0
-0.568045062042695,-0.5948902914515682,1.0
-0.5685977355637206,-0.5948761699798442,1.0
-0.5685590421858309,-0.5968265708566364,1.0
-0.5701420582205696,-0.5940347879861745,1.0
-0.5687303409102815,-0.596913808070968,1.0
-0.5685581072089726,-0.5971053475465677,1.0
-0.5693355702097712,-0.5949441454370873,1.0
-0.569232099666072,-0.5957527549779578,1.0
-0.5688987770138303,-0.5946129456446365,1.0
-0.5717953082204096,-0.5950691730294978,1.0
-0.5690550763419278,-0.596845372262979,1.0
-0.5694708147996437,-0.5958714049880718,1.0
-0.5690385944780897,-0.5956262463676765,1.0
-0.5700323538450519,-0.5941422957239927,1.0
-0.5680502405439054,-0.5974175986574152,1.0
-0.568451014575816,-0.5946619464989864,1.0
-0.5683180450902817,-0.595359108955863,1.0
-0.5681696283014951,-0.5957036180971866,1.0
-0.5686236284482126,-0.596462962664565,1.0
-0.5703489062250829,-0.5953621935449914,1.0
-0.5685498143171165,-0.5945660145941533,1.0
-0.5684623165822937,-0.5954709521782146,1.0
-0.5682259567161994,-0.5963243119685393,1.0
-0.5687657545423257,-0.5968364663262371,1.0
-0.5699698919688809,-0.595969281003764,1.0
-0.5691801639287338,-0.5961934980726482,1.0
-0.5689366851793126,-0.5967663518614302,1.0
-0.568367546555862,-0.5969793729412272,1.0
-0.568489737730124,-0.5963611160419315,1.0
-0.5689558788308612,-0.5964504537876882,1.0
-0.567949097044046,-0.5949013244551544,1.0
-0.5684309422529721,-0.5952908413457334,1.0
-0.5693571694156014,-0.596683283096964,1.0
-0.5701930180318562,-0.5960259630062833,1.0
-0.5697913327912152,-0.5957709162677358,1.0
-0.5693214631303207,-0.5958370934392824,1.0
-0.5697420349179478,-0.5944688347980006,1.0
-0.5695944849286231,-0.5963075128512269,1.0
-0.5691755816510606,-0.5954135195529593,1.0
-0.5696669352210056,-0.5948070624683295,1.0
-0.5680433432832748,-0.5973907710713308,1.0
-0.5704279551545778,-0.596008854147392,1.0
-0.5685732595261851,-0.5945666928506117,1.0
-0.5688156611256023,-0.596517531505466,1.0
-0.5679532489032576,-0.5965925759496975,1.0
-0.5700981948372429,-0.5955425124528894,1.0
-0.568846324054075,-0.5964462391728846,1.0
-0.567966317906203,-0.5972820038361835,1.0
-0.568078398497983,-0.5974321523591813,1.0
-0.5681352992394784,-0.5949683361841909,1.0
-0.5692746126541806,-0.5944052950263535,1.0
-0.5696812023083988,-0.5963012599474348,1.0
-0.5683333807456946,-0.5952719434028413,1.0
-0.5680080505118826,-0.5955315411839694,1.0
-0.5685143015981411,-0.5957130006754603,1.0
-0.5684882944416517,-0.5946313966204287,1.0
-0.5691934714663529,-0.5946001957878754,1.0
-0.5681945782596752,-0.5948413358809909,1.0
-0.5695919639360931,-0.596496961806311,1.0
-0.5690501803324999,-0.5943040978971205,1.0
-0.5687801019777584,-0.5969040708321866,1.0
-0.5686056202292668,-0.5969464821560917,1.0
-0.5693358178455419,-0.5947990942471453,1.0
-0.5700738325682477,-0.5961695318753063,1.0
-0.5684230709747755,-0.5968374937792192,1.0
-0.5691634057360675,-0.5945208158191603,1.0
-0.5684717952191172,-0.5946038694556075,1.0
-0.569781663939666,-0.5943703539215327,1.0
-0.5686585342893663,-0.5950916421826125,1.0
-0.5685581588433476,-0.5971235589106514,1.0
-0.5708595246403028,-0.5958319035769323,1.0
-0.5690114963960389,-0.5948554504077918,1.0
-0.5699183479864085,-0.5946706277779359,1.0
-0.5706608643411147,-0.5941446299605231,1.0
-0.5679456526434019,-0.595217829331513,1.0
-0.56905423413191,-0.5965221436742217,1.0
-0.5681440416571725,-0.5957306837410377,1.0
-0.5692871884877084,-0.5942371444837099,1.0
-0.5683145588276665,-0.594793649030437,1.0
-0.5682065471276698,-0.59474704477329,1.0
-0.5684476143822444,-0.5969503249933443,1.0
-0.5686783714956314,-0.5948050959167706,1.0
-0.5688121906971486,-0.5946587454608669,1.0
-0.5689761403159114,-0.594390883113131,1.0
-0.5680078876983874,-0.5952167322245999,1.0
-0.568119051201367,-0.5971449836937662,1.0
-0.5679708570823693,-0.5956173821300286,1.0
-0.5699956423465666,-0.5961735806761556,1.0
-0.5682454626444022,-0.5968198922102496,1.0
-0.5679985656040875,-0.5966976874559984,1.0
-0.5696231392141051,-0.5956319947995314,1.0
-0.5706133952639809,-0.5941229063566076,1.0
-0.5682316978093338,-0.5949336421331305,1.0
-0.5684833625251793,-0.5950151769367866,1.0
-0.5681058063070867,-0.5948347672970571,1.0
-0.5698797408347668,-0.5963971737807298,1.0
-0.5681620252317022,-0.5952747912399994,1.0
-0.5695177965028421,-0.5948384257156637,1.0
-0.569723915469778,-0.5941562987438289,1.0
-0.5697202412598317,-0.5955921388528728,1.0
-0.5681383238299254,-0.5964172040597858,1.0
-0.5683384860210354,-0.5960239787301542,1.0
-0.5685759870599181,-0.5971459397200984,1.0
-0.5689483230541458,-0.5954581072950382,1.0
-0.5680651386702262,-0.5959171074123357,1.0
-0.5688598521183615,-0.5944986381851188,1.0
-0.5681358709429157,-0.5948947193758567,1.0
-0.5687487909879502,-0.5954163472781925,1.0
-0.5688996670702321,-0.5943479139599019,1.0
-0.5686971886811204,-0.5960480426006898,1.0
-0.5691207090534597,-0.5943041831804534,1.0
-0.5682230847614925,-0.5947513229846402,1.0
-0.5686151843299706,-0.5945319711760343,1.0
-0.5693782739875367,-0.5942045250918401,1.0
-0.5680402529748493,-0.5968824569022526,1.0
-0.5688816249367434,-0.595309033507619,1.0
-0.5685380266623729,-0.5945717239349099,1.0
-0.568032705830741,-0.5974163352411122,1.0
-0.5684012779900136,-0.5962880565543632,1.0
-0.5700562616017131,-0.5947760385253014,1.0
-0.5679969961350165,-0.5954639863758672,1.0
-0.5683958008113835,-0.5954500654950028,1.0
-0.5690164947921623,-0.5965704656051675,1.0
-0.5698832828047159,-0.5958260433791083,1.0
-0.5681635696781564,-0.5960820328637381,1.0
-0.5684078927998371,-0.5968963219807955,1.0
-0.5685565431167712,-0.5953443985925817,1.0
-0.5680465136873328,-0.5974162540158624,1.0
-0.5681703472558256,-0.5947781995000068,1.0
-0.5697990154245912,-0.5954870972699503,1.0
-0.5690873683159691,-0.5954245576359618,1.0
-0.5693113473698362,-0.5944029656724874,1.0
-0.5682279378594899,-0.5955622401236422,1.0
-0.5712891645268313,-0.5947696269758822,1.0
-0.5684912771539817,-0.5969844534952191,1.0
-0.5682036520086985,-0.5964424131601375,1.0
-0.5680656286599309,-0.5950087743995008,1.0
-0.5689955487698384,-0.594549180500206,1.0
-0.5681302510877245,-0.5972294198080923,1.0
-0.5701106782225172,-0.5947892354379957,1.0
-0.5681003944994936,-0.597317203176666,1.0
-0.5699706017082627,-0.5961205766224952,1.0
-0.5688477363440799,-0.5969673507544918,1.0
-0.5681595087406169,-0.5957522697815624,1.0
-0.569810527767176,-0.5952641811125065,1.0
-0.5693909533028858,-0.5940707473776959,1.0
-0.568257178223465,-0.5949442687169555,1.0
-0.5682602144444165,-0.5956111724105242,1.0
-0.5683748695721926,-0.5948491900165157,1.0
-0.5682966777095079,-0.5949651498302284,1.0
-0.568539533645087,-0.595763686521839,1.0
-0.5692982749460734,-0.5947390580252002,1.0
-0.5689851651263633,-0.5943592885808591,1.0
-0.5696211536094694,-0.5947028254068526,1.0
-0.5680305516469931,-0.5955253850044704,1.0
-0.5684681411701688,-0.5962583505550606,1.0
-0.568838912402132,-0.5967237581278881,1.0
-0.5686986289607018,-0.5945856211810575,1.0
-0.5679891933904354,-0.5974595436135925,1.0
-0.5697881568247565,-0.5945377608336431,1.0
-0.5684633463106156,-0.5969147534893897,1.0
-0.5686089770729257,-0.594549814500836,1.0
-0.5684217220959648,-0.5967731783023076,1.0
-0.5718966323328203,-0.593685715674638,1.0
-0.5680708735083833,-0.5971486276895487,1.0
-0.5680051393345635,-0.596543646889303,1.0
-0.5684995582296579,-0.5948542791814558,1.0
-0.5682928375159865,-0.5959558646854205,1.0
-0.5680153885594323,-0.5969825281864586,1.0
-0.5682779339563365,-0.5950911694542217,1.0
-0.5697934034646105,-0.596329257833405,1.0
-0.5684802454125152,-0.597124266674811,1.0
-0.5684294099016411,-0.5950274800676348,1.0
-0.5687831390616871,-0.5944193657171438,1.0
-0.5682379520974634,-0.5971855292537452,1.0
-0.568002758497954,-0.5973112669774149,1.0
-0.5680121067453512,-0.5971229068939122,1.0
-0.5687228019779489,-0.5970560566480753,1.0
-0.570087679933926,-0.5937534875644449,1.0
-0.5679507751553607,-0.5974996604301073,1.0
-0.5681092520816095,-0.5948277285472702,1.0
-0.5699927425128735,-0.5954665122316729,1.0
-0.5680171654612824,-0.5951770086768136,1.0
-0.5680734004105217,-0.5950777410683582,1.0
-0.5685840046287636,-0.5951277484455987,1.0
-0.5684548788044135,-0.595626908276667,1.0
-0.568843479545336,-0.5943862066199568,1.0
-0.5708050853978782,-0.5957924020566217,1.0
-0.5690156348664558,-0.5959346777210983,1.0
-0.5681526447178848,-0.5972998450503639,1.0
-0.573236029130861,-0.5944677911311584,1.0
-0.5690206525358251,-0.5949312981072943,1.0
-0.5688455468517101,-0.5956800006237886,1.0
-0.568549282721423,-0.5946582514833421,1.0
-0.5680182242947136,-0.5957531409595133,1.0
-0.5689833092103042,-0.5956531490321213,1.0
-0.5689815786234865,-0.5968470896631476,1.0
-0.5682365349704587,-0.5959681549867325,1.0
-0.5687197854659155,-0.5945044123188009,1.0
-0.5694111822537965,-0.5966657975501475,1.0
-0.5687193014846648,-0.5944665512957198,1.0
-0.5698721052755706,-0.5943283965155919,1.0
-0.569649913216332,-0.5945148401238909,1.0
-0.5686237759880538,-0.5966237353180678,1.0
-0.5687953395222661,-0.5965299162082877,1.0
-0.5680236202023308,-0.5957991974815199,1.0
-0.5689385601553282,-0.5964877100237531,1.0
-0.5684729005392545,-0.5953899967142073,1.0
-0.5683886549928676,-0.5960444001855829,1.0
-0.5722160235105266,-0.5932214306064441,1.0
-0.568340954544528,-0.5956966531044139,1.0
-0.569640721137935,-0.5957571282331009,1.0
-0.5679749164718739,-0.5950447495338452,1.0
-0.5698188296271841,-0.59578670706192,1.0
-0.5688055362805505,-0.5944048864102812,1.0
-0.5703669140404956,-0.5942713555229557,1.0
-0.5679387758136875,-0.5967245350902236,1.0
-0.5686162174246573,-0.5949739995397758,1.0
-0.5684480353442662,-0.5972058710445168,1.0
-0.5706048172936491,-0.5955446325872161,1.0
-0.5682199823954929,-0.5962583006990468,1.0
-0.5694780473683001,-0.5947096241763723,1.0
-0.5680419242196034,-0.5953061865753692,1.0
-0.5695007359948933,-0.5957945232953075,1.0
-0.569572903631113,-0.5955869341384895,1.0
-0.5712041506725335,-0.5951021283822184,1.0
-0.568677343830044,-0.5959614691240241,1.0
-0.5685000689582452,-0.5954683908572606,1.0
-0.5706251602047285,-0.5934786876644411,1.0
-0.5681868597437492,-0.5952198195218907,1.0
-0.568717448531991,-0.5961232628870686,1.0
-0.5685734877074723,-0.5946726676922502,1.0
-0.5687451352948688,-0.5962086870934987,1.0
-0.5688391302008098,-0.5968477295518898,1.0
-0.568509208448157,-0.5950841986803371,1.0
-0.5697760643324653,-0.5963256429900028,1.0
-0.5696193578718787,-0.5940856846786651,1.0
-0.5680826561252671,-0.5966577086355995,1.0
-0.5679904123008035,-0.5954674140006155,1.0
-0.5689092410992936,-0.5949620726973064,1.0
-0.5692266057154874,-0.5950028644662784,1.0
-0.5683704843723371,-0.5946514070986686,1.0
-0.5688196719722832,-0.5947118423107953,1.0
-0.5715636874995621,-0.5930490558180244,1.0
-0.5697702759823755,-0.5954121125445069,1.0
-0.5682658073807211,-0.594934674131827,1.0
-0.5683478481965726,-0.595991903550843,1.0
-0.5714994103773755,-0.5949912297489379,1.0
-0.5694228301061681,-0.5959950382338915,1.0
-0.5693831268678163,-0.5965733963436636,1.0
-0.5683285905952091,-0.5950560715928156,1.0
-0.5718131803049693,-0.5943029736453053,1.0
-0.5701707008327884,-0.594176351565375,1.0
-0.5681562663091357,-0.5970083711692465,1.0
-0.5696379026391001,-0.5944914199938014,1.0
-0.5683571554428407,-0.5957120554096174,1.0
-0.5693531962760358,-0.5947780025187739,1.0
-0.5702159996181732,-0.5955452774489276,1.0
-0.5693327154001966,-0.5965347241845889,1.0
-0.5682571585742529,-0.594923543623937,1.0
-0.5680896622951543,-0.5970656424650813,1.0
-0.5681195265907603,-0.5962648478863732,1.0
-0.5688479944160051,-0.5968893291126408,1.0
-0.5683342057627216,-0.5966551718992911,1.0
-0.5695014843641724,-0.5954000269887542,1.0
-0.5691480636946626,-0.5960903226291331,1.0
-0.5680438167406531,-0.5966583489412413,1.0
-0.5722230041774319,-0.5930065089106643,1.0
-0.5703650776214267,-0.5946711365653864,1.0
-0.5694875970292161,-0.5947962770024154,1.0
-0.5715201484991342,-0.5954165308058444,1.0
-0.5696220367771584,-0.5951102228068732,1.0
-0.5684687345057187,-0.5969842775457285,1.0
-0.568789463104164,-0.5949679667287856,1.0
-0.5680478641006151,-0.5953614597543061,1.0
-0.568134850109673,-0.5957150161792569,1.0
-0.5689963126768726,-0.5950846401622324,1.0
-0.56926880488887,-0.5965502876399819,1.0
-0.5688924906168561,-0.5947652681199678,1.0
-0.5684565185928397,-0.5948359272934863,1.0
-0.5692364374515972,-0.5961534075785266,1.0
-0.56840141900816,-0.5965056802526887,1.0
-0.5688180357098954,-0.5963243515075103,1.0
-0.5685227057336117,-0.596040655139262,1.0
-0.5687555828112156,-0.595090283112547,1.0
-0.5691436316962907,-0.5955746233325646,1.0
-0.5679879738046586,-0.5951066620820283,1.0
-0.5682021666112467,-0.5948620527705757,1.0
-0.5698773353503722,-0.5960828645106592,1.0
-0.5680750241614546,-0.5973542061519564,1.0
-0.568645699300996,-0.5951158488945573,1.0
-0.5680457848188439,-0.5961730718375635,1.0
-0.5681563414486055,-0.5971131597836037,1.0
-0.5687806198398753,-0.5965476325284075,1.0
-0.5716840467540881,-0.5934093553395247,1.0
-0.5692341782070872,-0.5967382401114958,1.0
-0.5685415203996432,-0.5969835405365838,1.0
-0.5683867597963449,-0.5967283299605041,1.0
-0.5692746706576577,-0.5943815213216486,1.0
-0.5698826872177023,-0.595996417875261,1.0
-0.5681139365318477,-0.5959481152842927,1.0
-0.5679512157108432,-0.5969343773925059,1.0
-0.5685710415183142,-0.5965423111050822,1.0
-0.5696766363924524,-0.5959051014666645,1.0
-0.5692209200417547,-0.5959527647845133,1.0
-0.5718814870209319,-0.5930496895604512,1.0
-0.5680242112602327,-0.5948759037872768,1.0
-0.5700490802218722,-0.5962999225529141,1.0
-0.5684798543911237,-0.5971936552504624,1.0
-0.5692145988978607,-0.5954405562594074,1.0
-0.568518899422273,-0.5969643974988824,1.0
-0.5683591641883663,-0.5967914979181353,1.0
-0.5681200957036812,-0.5951364593622425,1.0
-0.5694945833148344,-0.5955687020526017,1.0
-0.5723879041533633,-0.5949508568697008,1.0
-0.569900354901324,-0.5962006257178871,1.0
-0.5680397653441533,-0.5974496546222637,1.0
-0.5680688745710089,-0.5955005441738547,1.0
-0.5684446754728889,-0.5952778740934949,1.0
-0.5684395555826891,-0.5951960702276613,1.0
-0.568338724515722,-0.5964334862043701,1.0
-0.5696556180335548,-0.5945508707458991,1.0
-0.5680240890002202,-0.5949666445907468,1.0
-0.568795704966926,-0.5961797091866071,1.0
-0.5688835639854954,-0.5943852000698899,1.0
-0.5685838529662687,-0.595311039318082,1.0
-0.5709566780370128,-0.5931976080012569,1.0
-0.5697081824010676,-0.5939661281257975,1.0
-0.5682358219979585,-0.5948615279753302,1.0
-0.5703968802937718,-0.595689939971535,1.0
-0.568435229262294,-0.5946145062089132,1.0
-0.5693239107491468,-0.5943985884304224,1.0
-0.5688678130561163,-0.5945029577173734,1.0
-0.5691631894899563,-0.5944200864276267,1.0
-0.5689570559344514,-0.5954116748620759,1.0
-0.5682615747477321,-0.5950462907879238,1.0
-0.5691347607306979,-0.5966310086874924,1.0
-0.5684973378166049,-0.5962817038249616,1.0
-0.5686690416094629,-0.5970521956108334,1.0
-0.5683407553386747,-0.5960442136683728,1.0
-0.5680001576623935,-0.5957915871064287,1.0
-0.568243160867199,-0.5955438232005666,1.0
-0.5694546316738767,-0.596517999731912,1.0
-0.5713608265072061,-0.5930216721098172,1.0
-0.5692580461381057,-0.5967534871953795,1.0
-0.5684485450834366,-0.5970795817814346,1.0
-0.5708671299151993,-0.5955011230032066,1.0
-0.56862775202636,-0.5945044649955562,1.0
-0.5684456190415181,-0.5946121344655689,1.0
-0.5690184488091237,-0.5966605209083539,1.0
-0.568192757546095,-0.5970802701597862,1.0
-0.5701473599676231,-0.5937066163212442,1.0
-0.5704927544877424,-0.5935504650349872,1.0
-0.5682490906280326,-0.5956708486854839,1.0
-0.568629495118272,-0.5959906406404142,1.0
-0.5683046059301284,-0.5951026899033114,1.0
-0.5687585304049274,-0.5968753668599497,1.0
-0.5693196801362874,-0.5966398658489589,1.0
-0.5681328471722343,-0.5962479294771073,1.0
-0.5681568843582068,-0.5973559811222023,1.0
-0.5682956132382354,-0.5951282262564342,1.0
-0.5692215086440091,-0.5963141192996848,1.0
-0.5684566261832876,-0.5949403923897926,1.0
-0.5689424390664554,-0.59451858060237,1.0
-0.5702973117524657,-0.5941927710136279,1.0
-0.5680209586156904,-0.5948538715064776,1.0
-0.5699008384815776,-0.5962798938742417,1.0
-0.5679861169891054,-0.5974631902868001,1.0
-0.568733451947237,-0.5944565208076027,1.0
-0.5734439457627549,0.7601950229358039,2.0
-0.5729758275781042,2.7287165887172478,2.0
-0.573165197001806,1.9825577359088233,2.0
-0.573273444820223,1.5271860410582903,2.0
-0.573597298130726,0.007329501783319862,2.0
-0.5735973143920855,0.00724570524449592,2.0
-0.573662159548896,-0.33723764041733184,2.0
-0.5730508169509515,2.4404121023552703,2.0
-0.5732714977135723,1.5355803473731278,2.0
-0.5731850068502724,1.900894949285703,2.0
-0.5736863880439349,-0.4770773543268532,2.0
-0.5729584757819257,2.794166172894763,2.0
-0.5730801008910104,2.3253383177700493,2.0
-0.5735589351143086,0.20236009809746086,2.0
-0.5735798177611098,0.09683584014480104,2.0
-0.5735787424787581,0.1023056636718583,2.0
-0.5734946181674315,0.5188871826197452,2.0
-0.5733312134228082,1.2745492214804675,2.0
-0.5734015926364727,0.9569195339124129,2.0
-0.5735038566863428,0.4741548939871383,2.0
-0.5732629660891455,1.5722708958076927,2.0
-0.5736084054049118,-0.05015229172738508,2.0
-0.573503208163114,0.47730269657672947,2.0
-0.5734499078425512,0.732147195650743,2.0
-0.5733835270527781,1.039527844915457,2.0
-0.5731205316968295,2.1640657372100462,2.0
-0.5735676309672179,0.15859552151472983,2.0
-0.5733393125093397,1.2385614332774726,2.0
-0.5732783860643269,1.5058487736414023,2.0
-0.5736697113318069,-0.37944096150070855,2.0
-0.573266392993144,1.557551085588303,2.0
-0.5735874928336798,0.05767452939888302,2.0
-0.57365762086589,-0.31220582042133993,2.0
-0.5729774743647451,2.7224809218113437,2.0
-0.5729623532362457,2.779580834715143,2.0
-0.5731007557385797,2.243301589090931,2.0
-0.5734943537620404,0.5201639647477597,2.0
-0.5736362190436822,-0.19650773049750372,2.0
-0.5732045777909814,1.8194978003650906,2.0
-0.5733954644308692,0.9850274422386348,2.0
-0.5736200658958321,-0.11105734249407345,2.0
-0.5733539027742076,1.173367070123404,2.0
-0.5736775076517926,-0.4240262535486469,2.0
-0.5730128347836781,2.5875620108913355,2.0
-0.5735267035968327,0.3625018454438378,2.0
-0.5732222536900151,1.7453565273634088,2.0
-0.5734892959124126,0.544551093958908,2.0
-0.5733348260680879,1.2585143205597433,2.0
-0.5733142145192132,1.3496214025859818,2.0
-0.5735777548749459,0.1073259188892117,2.0
-0.5729587707807641,2.79305731988322,2.0
-0.573129032969922,2.1297933911949913,2.0
-0.5729859096303203,2.690474161515509,2.0
-0.5730256604857212,2.538134451582233,2.0
-0.5732740456787102,1.5245940787487924,2.0
-0.5730016702901982,2.6303735260293175,2.0
-0.5736422674061759,-0.22887767019280256,2.0
-0.5735701575581356,0.14583284635750557,2.0
-0.573670503472807,-0.38391647325755224,2.0
-0.5734795535052853,0.5913311381758196,2.0
-0.5734335975404999,0.8086658184543337,2.0
-0.5735178859988604,0.40577026603575955,2.0
-0.5730832954042395,2.312697972294329,2.0
-0.5734568899116262,0.6991866078396161,2.0
-0.5735111342608612,0.4387503944714142,2.0
-0.573317332892846,1.3358961712889934,2.0
-0.5736074466166817,-0.04517060001673349,2.0
-0.5731060525349865,2.2221457339780057,2.0
-0.573651414933703,-0.27829926096434643,2.0
-0.5729430278289113,2.8520477092412575,2.0
-0.5731314718799287,2.1199374958873864,2.0
-0.5735682871544852,0.1552829466565747,2.0
-0.5736960270974567,-0.5439837706043851,2.0
-0.5730947064854339,2.267403599854252,2.0
-0.5731860086098106,1.8967460233765931,2.0
-0.5731676798703776,1.972362202278169,2.0
-0.5731322941831117,2.11661210225536,2.0
-0.5736517460512939,-0.28009998232793626,2.0
-0.5734556473782115,0.7050613729726773,2.0
-0.5736241692342372,-0.13263800141183898,2.0
-0.5730534993039924,2.429931029984163,2.0
-0.5732538355987639,1.6113743304732924,2.0
-0.5734755567542358,0.6104491417052152,2.0
-0.5736585944795727,-0.31755746530763357,2.0
-0.5734898158576759,0.542047305463177,2.0
-0.5734796589251194,0.5908263014991548,2.0
-0.573167182137174,1.9744069764219805,2.0
-0.5732424066982075,1.660086722802644,2.0
-0.5730323719619834,2.512164096248918,2.0
-0.5733713481140547,1.0947920631032997,2.0
-0.5736216925840675,-0.11960291423178049,2.0
-0.5731807382499231,1.9185529765891465,2.0
-0.5731411241344835,2.0808278996208354,2.0
-0.5733028599957517,1.3994228428643163,2.0
-0.5731325499621803,2.115577486968637,2.0
-0.5733549563596841,1.1686410243346534,2.0
-0.5733327734630389,1.2676283886263937,2.0
-0.5734048733811611,0.9418354998577549,2.0
-0.5736832829178646,-0.4581231146837907,2.0
-0.5736294617749318,-0.1605960111754047,2.0
-0.573679415214216,-0.4351595176798819,2.0
-0.5732433282691455,1.6561683927343385,2.0
-0.5734874076877743,0.5536376702123119,2.0
-0.5733436592142075,1.21918796309256,2.0
-0.5730143905388626,2.5815805234976636,2.0
-0.5735333328501931,0.32982201695353597,2.0
-0.5734176051166051,0.883055313274164,2.0
-0.5731455191355495,2.0629647722180886,2.0
-0.5735475743677145,0.25917049064789704,2.0
-0.5736498243879453,-0.26966157394587525,2.0
-0.5735049029864876,0.4690738943615633,2.0
-0.5735937872515569,0.025397640930555437,2.0
-0.5729946868027014,2.6570520829478124,2.0
-0.5731009926004887,2.242356578551126,2.0
-0.573245742047016,1.6458975457336975,2.0
-0.5730461968226044,2.458437031723997,2.0
-0.5731047934879202,2.227178874685872,2.0
-0.5735765856486945,0.11326502670280435,2.0
-0.5730276617485452,2.5303981099669604,2.0
-0.5733199347812399,1.3244283039770819,2.0
-0.5731015742229697,2.2400356620314352,2.0
-0.5730245446427512,2.5424451887531947,2.0
-0.5734848007156421,0.5661672499662549,2.0
-0.5736280299720693,-0.15301834028672312,2.0
-0.5735481717446691,0.2561933600764435,2.0
-0.5734051958296198,0.9403515867891307,2.0
-0.5730925161243031,2.276115136331913,2.0
-0.5730555686386176,2.421837140474744,2.0
-0.5736951142439921,-0.5363797654221238,2.0
-0.5733419898118457,1.2266334763001538,2.0
-0.5734123997349608,0.9071345472639452,2.0
-0.5735522005640515,0.23608597065701808,2.0
-0.5736215122005587,-0.11865467634696504,2.0
-0.5734707240605348,0.6335095452230707,2.0
-0.572982847887032,2.7021044423395906,2.0
-0.5734810785103647,0.5840252850450979,2.0
-0.5733358092955706,1.2541452995531588,2.0
-0.5731891698101579,1.8836411730430198,2.0
-0.573451895726502,0.7227755097548445,2.0
-0.5729567768713711,2.800549519196408,2.0
-0.5729652359871659,2.76872223211358,2.0
-0.5735315952174583,0.3384004909610006,2.0
-0.5733523216868829,1.1804546811821568,2.0
-0.5734970105601034,0.5073259128889167,2.0
-0.5735083762220068,0.4521853934582359,2.0
-0.5736758955842929,-0.41469691634246,2.0
-0.5732647872329292,1.5644513686408554,2.0
-0.5733481713237065,1.199033282765612,2.0
-0.5736664510764902,-0.3611248491165271,2.0
-0.5735127480397879,0.43087937368709134,2.0
-0.5730137702713108,2.5839657601556323,2.0
-0.5735401078236108,0.296288516003111,2.0
-0.5736047824279499,-0.031347987872324214,2.0
-0.5733582653667723,1.1537817702902597,2.0
-0.5729441561726158,2.8478321772949475,2.0
-0.5735383740393716,0.30488323903564823,2.0
-0.5732144442676549,1.7781869605387828,2.0
-0.5731404225593176,2.0836761899026435,2.0
-0.5735414448499289,0.2896543741029749,2.0
-0.5731683368162882,1.9696626584217194,2.0
-0.5734488729782303,0.7370220052473189,2.0
-0.5732466228155033,1.6421469216716666,2.0
-0.5732456409825561,1.6463278156612953,2.0
-0.5733226989793894,1.3122291602699,2.0
-0.5736410847959709,-0.22253059484366974,2.0
-0.5730776322109238,2.3350947723993523,2.0
-0.5734828138788292,0.5757041083789239,2.0
-0.5735766207909259,0.11308659008704251,2.0
-0.5736733838694339,-0.4002851652972722,2.0
-0.5732795885286178,1.5006487366659285,2.0
-0.5732100220112258,1.7967259146457657,2.0
-0.5736889508415206,-0.49324242036817423,2.0
-0.5733409569904148,1.2312367803155975,2.0
-0.5735491676809886,0.2512274728126036,2.0
-0.5732362786154477,1.6860994921470682,2.0
-0.5735848868440543,0.07099502696050833,2.0
-0.5731990907806712,1.84239162665981,2.0
-0.573435022179798,0.802008627492582,2.0
-0.5729883924407939,2.6810322558974393,2.0
-0.573609727051299,-0.05702566939747791,2.0
-0.5734682364806654,0.6453558085560349,2.0
-0.5736257601058408,-0.14102692526030763,2.0
-0.5729991558943847,2.639987975592658,2.0
-0.5730410466170679,2.4784886284233143,2.0
-0.5735272902930321,0.35961486879305066,2.0
-0.5732243110872506,1.7366877232206042,2.0
-0.5730931962390472,2.2734110546391735,2.0
-0.5733076037088812,1.3786498782014138,2.0
-0.5733274356537431,1.2912867407684065,2.0
-0.5735385152418503,0.30418360970293495,2.0
-0.5736392322746949,-0.21260593965962601,2.0
-0.5730235515136283,2.546280166047173,2.0
-0.5730207209887381,2.5572015417639333,2.0
-0.5732459845900327,1.6448648651001085,2.0
-0.5734697047937336,0.6383654141417732,2.0
-0.5734623544948967,0.673302800560908,2.0
-0.5731702137451238,1.9619455503238983,2.0
-0.5730236447075038,2.545920364682038,2.0
-0.5730324831412441,2.5117332680274567,2.0
-0.573125022249503,2.14597824492171,2.0
-0.5732388083708803,1.6753700272540695,2.0
-0.5736451281855777,-0.24426964758950898,2.0
-0.5735935120281916,0.026812044234581577,2.0
-0.5730223688715632,2.5508448746045875,2.0
-0.5732672796912444,1.5537385252846028,2.0
-0.5736936802312297,-0.5254105726413216,2.0
-0.5736337097049896,-0.18314214502090934,2.0
-0.5732214592484713,1.7487016984999726,2.0
-0.5736963209789805,-0.5465852623567259,2.0
-0.5735940663572298,0.02396299302282291,2.0
-0.5733126408518567,1.356539887224465,2.0
-0.5731983061185413,1.8456608636126728,2.0
-0.5732308015391898,1.709286455031473,2.0
-0.573550707180876,0.24354520647473046,2.0
-0.5731816183150035,1.9149151651962153,2.0
-0.5735417146337491,0.2883150838926568,2.0
-0.5734795037600252,0.5915693490550428,2.0
-0.5731531069472863,2.0320428935578003,2.0
-0.5732326816359402,1.7013337633965295,2.0
-0.5730655785849,2.3825842711478216,2.0
-0.5732262313327401,1.728589399769723,2.0
-0.5732973575838776,1.4234589183270527,2.0
-0.5736388553471621,-0.21058920561130226,2.0
-0.5734489220141706,0.7367910786714141,2.0
-0.5735222031328899,0.384614011986887,2.0
-0.573537027878475,0.31155016965766225,2.0
-0.5729556614936678,2.804737954726235,2.0
-0.5734303508779224,0.8238184313688041,2.0
-0.5730281136246055,2.5286503825469944,2.0
-0.5732475587735308,1.6381595950111072,2.0
-0.5731123462998622,2.1969446250538147,2.0
-0.573348203400993,1.198889839034573,2.0
-0.5732906121736552,1.4528384328075636,2.0
-0.5733559305966999,1.1642687073092686,2.0
-0.5735706636246598,0.1432739575491319,2.0
-0.5731731195357113,1.9499854219508919,2.0
-0.573511248669095,0.4381926241036039,2.0
-0.5736839919236824,-0.4624029584856871,2.0
-0.5732360372540277,1.6871225227979039,2.0
-0.573583023358479,0.08050520264759288,2.0
-0.5729850485715001,2.6937464415635644,2.0
-0.572972930500073,2.739676377585235,2.0
-0.5730079106521339,2.6064685896883812,2.0
-0.57344714209048,0.7451694456618714,2.0
-0.5736896755354592,-0.49793170198615017,2.0
-0.572995919278774,2.652349325015182,2.0
-0.5734043946121684,0.9440383475012166,2.0
-0.5729614267237699,2.783068072113032,2.0
-0.5729641748919051,2.7727205947705538,2.0
-0.5730622897864436,2.395499337393151,2.0
-0.5735015749361089,0.48522488232010624,2.0
-0.5734362227773555,0.7963944623604347,2.0
-0.5730639171726517,2.3891108722772434,2.0
-0.5734855740358503,0.5624524377560985,2.0
-0.5735881917293267,0.05409792616205247,2.0
-0.5733063552882585,1.3841213788855375,2.0
-0.5729889078985687,2.679070807472898,2.0
-0.5731949145636769,1.8597781502632988,2.0
-0.5732959839187178,1.4294495838451722,2.0
-0.5736365461205961,-0.1982525279381963,2.0
-0.5732604535076599,1.5830483044981705,2.0
-0.5729401355623879,2.862844561515175,2.0
-0.5736080098786902,-0.048096741974160334,2.0
-0.5733361639960086,1.252568652750192,2.0
-0.5730410170454219,2.4786036358647485,2.0
-0.5731578870604571,2.0125094735683517,2.0
-0.5731941050517813,1.8631445224135987,2.0
-0.5731896099689894,1.8818149975709713,2.0
-0.5734549029512839,0.7085791759231745,2.0
-0.5735021825641333,0.4822783654656213,2.0
-0.573099931309603,2.2465900673838997,2.0
-0.5730992876520927,2.249156670383149,2.0
-0.5730500340641875,2.443468926485845,2.0
-0.5730093539643359,2.6009308866442677,2.0
-0.5733415331583305,1.2286690782154879,2.0
-0.5733490606498803,1.195055535809621,2.0
-0.5731093795989,2.2088322919539873,2.0
-0.5732324144328648,1.7024644367554513,2.0
-0.5731900355067082,1.8800491383516613,2.0
-0.5731115109970429,2.2002932614224706,2.0
-0.5730299127429153,2.5216886276253474,2.0
-0.5734704503237039,0.6348139161520853,2.0
-0.5734431842431561,0.7637710591920214,2.0
-0.5736386528993584,-0.20950637635193123,2.0
-0.5732895301494889,1.4575423621760766,2.0
-0.573676505291682,-0.4182175161882297,2.0
-0.5733763482510031,1.0721441106075498,2.0
-0.5733173728302573,1.33572025588715,2.0
-0.5735071740788208,0.45803459864748675,2.0
-0.5732796356791965,1.5004447743512983,2.0
-0.5736800135739487,-0.4386752878408427,2.0
-0.5736755978154243,-0.4129808490295988,2.0
-0.5730885771113449,2.2917607644952076,2.0
-0.5734543949821088,0.7109787825992033,2.0
-0.5736167185773725,-0.09351152720499745,2.0
-0.5733331507100863,1.265954007145016,2.0
-0.5731333712112944,2.112254783857909,2.0
-0.573556537428593,0.21438401490645648,2.0
-0.5732541614591975,1.6099816328335872,2.0
-0.5736443349905662,-0.23999645324360153,2.0
-0.5736663193500605,-0.36038808104068265,2.0
-0.5733261187199256,1.297114199883141,2.0
-0.5733189321503672,1.3288491322983844,2.0
-0.573242509209424,1.6596509491219855,2.0
-0.5731701011608442,1.9624086301607855,2.0
-0.5729530796473399,2.8144259676898864,2.0
-0.5733377247685216,1.245627740587658,2.0
-0.5734812551057081,0.5831788686589016,2.0
-0.5731120272414183,2.1982238385709714,2.0
-0.5735182493343731,0.4039917962783823,2.0
-0.5733963474226897,0.9809829158723674,2.0
-0.5736488569895155,-0.2644176093130197,2.0
-0.5736833268764122,-0.45838773962082957,2.0
-0.5729650540372655,2.7694079687631064,2.0
-0.5730770468950906,2.337406483361618,2.0
-0.5731949601977877,1.8595883431024982,2.0
-0.5734186626050183,0.878155568958995,2.0
-0.5735856143541586,0.06727883954423024,2.0
-0.5735970160284047,0.00878304257962118,2.0
-0.5735326696350181,0.3330972860880414,2.0
-0.5733122573708166,1.3582250285110047,2.0
-0.5731796218373153,1.923165675862298,2.0
-0.5732241382429811,1.737416314866145,2.0
-0.5735118401676308,0.4353083223184934,2.0
-0.5729720855936427,2.742870256688697,2.0
-0.5731602819707486,2.0027073120963053,2.0
-0.5733082639228197,1.3757550017346987,2.0
-0.5732630712888978,1.5718193770097517,2.0
-0.5734107756711988,0.9146338843049308,2.0
-0.5735344215190625,0.32444281454610624,2.0
-0.5734574560991101,0.6965083340631764,2.0
-0.5731435930421003,2.0707974908596065,2.0
-0.5736903563396888,-0.5023970377531334,2.0
-0.5736240339724891,-0.13192532187862066,2.0
-0.573670001365952,-0.3810784030347393,2.0
-0.5736734138248534,-0.4004562371101145,2.0
-0.5730601581585171,2.403860571653047,2.0
-0.5731886439341594,1.8858225046029198,2.0
-0.5733698655313941,1.101496426228174,2.0
-0.5736361120906809,-0.19593732350111517,2.0
-0.5733566178447911,1.1611831046729661,2.0
-0.573370397001043,1.099093650169759,2.0
-0.5735856770755343,0.06695836359656328,2.0
-0.57340017066372,0.9634494988740475,2.0
-0.5734263724872006,0.8423508170564186,2.0
-0.573259781629513,1.5859280900864137,2.0
-0.5732443857056013,1.6516703223031521,2.0
-0.5736704537958746,-0.3836354922083559,2.0
-0.5734438928327567,0.7604436250356565,2.0
-0.5732517866949317,1.6201263006688813,2.0
-0.5733478214987385,1.2005974879607306,2.0
-0.5730592624952288,2.407371521010501,2.0
-0.5732253563171096,1.7322805237303553,2.0
-0.573592629722596,0.031344381806979106,2.0
-0.5736540190082817,-0.2924855847303597,2.0
-0.5732384963437931,1.6766941094537846,2.0
-0.5736825806856959,-0.45390809965730033,2.0
-0.5732836276312996,1.4831599645964106,2.0
-0.5729852534841084,2.6929678175523777,2.0
-0.5732917356460819,1.4479517420585586,2.0
-0.5734339698474457,0.8069265508972634,2.0
-0.5732377967241128,1.6796622389801978,2.0
-0.5733818845656221,1.0470008021852197,2.0
-0.5733150644344206,1.3458826356011304,2.0
-0.5729841453927264,2.6971775466013748,2.0
-0.5734354861265744,0.7998395693516063,2.0
-0.5729663726301518,2.7644372773063464,2.0
-0.573016354586293,2.5740237238741597,2.0
-0.5735702887109404,0.14516976443544446,2.0
-0.5736548079055785,-0.2967947242689586,2.0
-0.5736341680149485,-0.18558058262785393,2.0
-0.573687903518623,-0.4865654052916656,2.0
-0.5736383490118292,-0.20788144619744547,2.0
-0.573205579883305,1.8153105273458714,2.0
-0.573653613854756,-0.2902746525746236,2.0
-0.5734841053019866,0.5695064519391503,2.0
-0.5730693500226098,2.3677516132724388,2.0
-0.5736846626640244,-0.46647608218319814,2.0
-0.5730955577259366,2.26401581214713,2.0
-0.5735104848099161,0.44191593895347636,2.0
-0.5736226433152602,-0.12460328361492949,2.0
-0.5731943338064539,1.8621933664296086,2.0
-0.5732493184458044,1.6306584086571616,2.0
-0.5730409302701316,2.4789411064181834,2.0
-0.5731626362150416,1.9930614011432772,2.0
-0.5731049566764669,2.226526670467079,2.0
-0.5735103578972773,0.44253439568401454,2.0
-0.5735827999177041,0.08164468392263742,2.0
-0.5731496566226778,2.046116551187422,2.0
-0.5731020917594938,2.2379699839468894,2.0
-0.572939723136327,2.8643831258517527,2.0
-0.5734159513815111,0.8907122845848614,2.0
-0.5734457862572364,0.7515462004794585,2.0
-0.5731279510950197,2.1341619886552046,2.0
-0.5734684260225038,0.6444537473021966,2.0
-0.5729937393641918,2.660665598333514,2.0
-0.5730575882706002,2.413930808855798,2.0
-0.5734037915494381,0.9468123053161244,2.0
-0.573149441971724,2.0469913882125836,2.0
-0.5731463648288394,2.059523539616558,2.0
-0.5736326173386184,-0.1773349426569933,2.0
-0.5730188321498978,2.564482317685456,2.0
-0.5733462017270755,1.2078365986714825,2.0
-0.5730852590818251,2.3049193084177197,2.0
-0.5734833367698867,0.573195244242074,2.0
-0.5730250462125764,2.540507767297104,2.0
-0.5734332126676871,0.8104634289739532,2.0
-0.5736926315047162,-0.517873936884808,2.0
-0.5730163268234183,2.574130586385929,2.0
-0.5736404284927459,-0.21901206963913658,2.0
-0.5734838634568461,0.5706674281208497,2.0
-0.5729764151285618,2.7264922721104905,2.0
-0.5729759241043282,2.728351201688129,2.0
-0.5732933347644172,1.4409916423537752,2.0
-0.5732469986391072,1.6405460635297278,2.0
-0.5733892536906143,1.0134240973555046,2.0
-0.5735024526752145,0.4809682111310318,2.0
-0.5734771610248593,0.6027803732096358,2.0
-0.5732141326410455,1.779494587664067,2.0
-0.5731481824996456,2.0521228506277547,2.0
-0.5731150953689144,2.1859153135330636,2.0
-0.5731167615563004,2.1792241117663425,2.0
-0.5736404815464937,-0.2192963964130595,2.0
-0.5733544799343641,1.1707784216237878,2.0
-0.5736625009512478,-0.3391296428895983,2.0
-0.573312022196691,1.3592583060644394,2.0
-0.5733944337263687,0.9897462520812859,2.0
-0.5730319393714141,2.513840227007874,2.0
-0.5734611204153078,0.6791549101352511,2.0
-0.5736233731523899,-0.12844482113617042,2.0
-0.5736060598944428,-0.037972213964085115,2.0
-0.573140514188074,2.0833042408755804,2.0
-0.5732578929477505,1.594018447933268,2.0
-0.5736339402595456,-0.18436866258554913,2.0
-0.5736451499623972,-0.244387027362407,2.0
-0.573190856186716,1.8766425930463526,2.0
-0.5736525844777731,-0.2846636209960672,2.0
-0.5730892136181842,2.289234377409116,2.0
-0.5731865155026774,1.8946459421308428,2.0
-0.5736469603513573,-0.2541568938287434,2.0
-0.5736446698835791,-0.24180010204472296,2.0
-0.5729432535945728,2.8512043943461665,2.0
-0.5734441423863734,0.7592714578286229,2.0
-0.5734467896574701,0.7468274535018464,2.0
-0.5730969877727586,2.2583216741045007,2.0
-0.5729789474981271,2.716899240990348,2.0
-0.5729438362777739,2.84902751069276,2.0
-0.5731473413379226,2.0555483998962742,2.0
-0.5734426899834174,0.7660912870657981,2.0
-0.5736455479602115,-0.2465328655393769,2.0
-0.5731273305840301,2.1366666697402685,2.0
-0.5733051041586402,1.3896014513493358,2.0
-0.5734073423865264,0.9304668013550138,2.0
-0.5730154650948844,2.5774468649763023,2.0
-0.5736272703314024,-0.14900233140325686,2.0
-0.5733558487274454,1.1646362131176935,2.0
-0.5736923015347777,-0.5155644296647617,2.0
-0.573374035445951,1.0826269734813574,2.0
-0.5736633173453637,-0.34365953281397116,2.0
-0.5736222089960265,-0.12231844332741436,2.0
-0.5736230678864732,-0.1268377228826072,2.0
-0.5732330227019946,1.6998903350210834,2.0
-0.5731534802789789,2.030518805688225,2.0
-0.5732855247123673,1.4749342658297186,2.0
-0.5729654845244637,2.767785457351073,2.0
-0.5734437044782845,0.7613282330968861,2.0
-0.5735077602495803,0.45518300459167504,2.0
-0.5730486996706705,2.4486768082028596,2.0
-0.5735511726092832,0.24122120926230842,2.0
-0.5729645345620956,2.7713654982377167,2.0
-0.5736917892931376,-0.51202805611819,2.0
-0.5729585039254598,2.79406039162559,2.0
-0.573671841580963,-0.39150138675063356,2.0
-0.5730289100799394,2.525569116077607,2.0
-0.5733289412478895,1.2846198641350952,2.0
-0.5729374741174538,2.872768643895604,2.0
-0.5736519083753733,-0.28098307732299677,2.0
-0.573308653493934,1.3740463952378295,2.0
-0.572959026627627,2.7920955252464204,2.0
-0.5733324921500583,1.268876772887183,2.0
-0.5732489532957025,1.6322154879163333,2.0
-0.5731951453144944,1.8588183420531161,2.0
-0.5733846766814857,1.034293581122218,2.0
-0.5732504274577546,1.625927715234269,2.0
-0.5732847796196849,1.4781658553194847,2.0
-0.5730200664708641,2.559725115734548,2.0
-0.5736703616069245,-0.38311416795264763,2.0
-0.5735111140241228,0.43884905006896474,2.0
-0.5729761003421733,2.727684039820455,2.0
-0.5730296850270062,2.5225700727182803,2.0
-0.5733838378339317,1.0381131582898186,2.0
-0.5732563647282936,1.6005594913770411,2.0
-0.5735136398760268,0.4265263792232002,2.0
-0.5735755279052336,0.11863378158023649,2.0
-0.5733777814867519,1.0656417830415865,2.0
-0.5734593554783906,0.6875175791051543,2.0
-0.5732852983097538,1.4759163323728253,2.0
-0.5736493299484875,-0.26698047810536946,2.0
-0.5729544040776133,2.809457497163129,2.0
-0.5729436449464725,2.8497423740534695,2.0
-0.5731931637821642,1.8670572604894036,2.0
-0.5733224498825353,1.3133291636936804,2.0
-0.5734908533350523,0.5370491622062709,2.0
-0.5730961349021558,2.261718044016792,2.0
-0.5732041705787331,1.8211988031648998,2.0
-0.5735928442963037,0.030242402813250354,2.0
-0.5730114086750131,2.5930416423682154,2.0
-0.5730886315435848,2.2915447421673107,2.0
-0.5729766511163772,2.7255987317160555,2.0
-0.573170409737237,1.9611393430845083,2.0
-0.5732617220001287,1.5776088513865951,2.0
-0.5734117826020266,0.9099849871106136,2.0
-0.5729919760064909,2.6673872598407526,2.0
-0.5730509149987776,2.440029197965674,2.0
-0.5736705090534155,-0.38394804075986,2.0
-0.5736826735042577,-0.4544639262671207,2.0
-0.5734425411034493,0.766790061853615,2.0
-0.5730989111365794,2.2506577058326664,2.0
-0.5729426725684669,2.8533745775989128,2.0
-0.5736010708957558,-0.012139639920639772,2.0
-0.5732770290792337,1.5117134751983015,2.0
-0.5734393037050964,0.7819712470065614,2.0
-0.5729584716584871,2.7941816712937433,2.0
-0.5730717377527749,2.35834859168288,2.0
-0.5730750171259049,2.3454185949202815,2.0
-0.5733740108755879,1.0827382738540803,2.0
-0.5734143206952881,0.8982560878402496,2.0
-0.5735164383626363,0.4128524594862914,2.0
-0.5736632703929214,-0.34339879442150867,2.0
-0.573052086404138,2.435453301711104,2.0
-0.5730969008748958,2.258667782996556,2.0
-0.5729312891498616,2.895790353682108,2.0
-0.5729341127802292,2.8852873261569654,2.0
-0.5733074236465784,1.3794392473559338,2.0
-0.5731342195770571,2.1088211098288494,2.0
-0.5729811801854016,2.708433196857228,2.0
-0.5730652105145652,2.3840305764657517,2.0
-0.5735346884161148,0.32312351409914425,2.0
-0.5733876790361204,1.0206094273222426,2.0
-0.5736153178540789,-0.08618445638752152,2.0
-0.5729728200663731,2.740093896964197,2.0
-0.5732674818274397,1.5528691718646055,2.0
-0.5735476819229094,0.25863455267786634,2.0
-0.5732147981240442,1.7767019054618314,2.0
-0.5732579646199437,1.593711563605754,2.0
-0.5734558673017263,0.704021849883684,2.0
-0.57362570429803,-0.1407324282464568,2.0
-0.5732149018535089,1.776266530816898,2.0
-0.5733346415331073,1.259334076225612,2.0
-0.5731314097389917,2.120188745015642,2.0
-0.5733347525578046,1.258840882558219,2.0
-0.5730630093886452,2.3926750131165475,2.0
-0.5733101708579919,1.3673883773982134,2.0
-0.5733031250998274,1.3982631892258235,2.0
-0.5730416479513386,2.4761496615014353,2.0
-0.5734227027164837,0.8594112770134708,2.0
-0.5736120731673829,-0.06924526132956228,2.0
-0.573681119389028,-0.44520565208515606,2.0
-0.5731458663221354,2.0615521819029636,2.0
-0.5732562234265874,1.6011640507548695,2.0
-0.5731882965958995,1.88726297828385,2.0
-0.5735585049216708,0.20451878754902267,2.0
-0.5736104966360176,-0.0610313997565163,2.0
-0.5736902595452615,-0.5017583046023263,2.0
-0.5734613574251111,0.6780312940489815,2.0
-0.573280358873924,1.4973158323792455,2.0
-0.5734309782849745,0.8208922605343353,2.0
-0.573397465686485,0.9758581049106557,2.0
-0.573017410436802,2.5699587161479993,2.0
-0.5734630445662819,0.6700287118584675,2.0
-0.5733395006841031,1.237723587819939,2.0
-0.5731218228392947,2.158868781833431,2.0
-0.5734278169667125,0.8356265361176786,2.0
-0.5732548038244003,1.607235601311894,2.0
-0.5730541445967041,2.4274078261782246,2.0
-0.5729769026008302,2.7246464201178635,2.0
-0.5736033190051688,-0.02376768275854319,2.0
-0.5729974653200764,2.6464467131868132,2.0
-0.5733562365196743,1.1628953063350331,2.0
-0.5735270784360313,0.36065747740040954,2.0
-0.5733812198983569,1.0500231255351393,2.0
-0.5729492763283371,2.8286789395633636,2.0
-0.5733558540708571,1.1646122273432178,2.0
-0.5734770985120671,0.6030793254995893,2.0
-0.5732457443756531,1.6458876315992166,2.0
-0.5735397020667934,0.29830075170104403,2.0
-0.5736505556373178,-0.27363024689884236,2.0
-0.573615504572036,-0.087160653669903,2.0
-0.5736160611436373,-0.0900714442615561,2.0
-0.5736000709621033,-0.00697409016926468,2.0
-0.5736088521220578,-0.05247467147475156,2.0
-0.5732397393643951,1.671418231771364,2.0
-0.5735797802502051,0.09702672152828508,2.0
-0.5734649152971455,0.6611467179912048,2.0
-0.5730239289983544,2.544822692748221,2.0
-0.5733700261761592,1.1007702183485213,2.0
-0.5732181665067368,1.7625535114151996,2.0
-0.5735862753475677,0.06390076663000359,2.0
-0.5735726827485274,0.13305579356193264,2.0
-0.5736733234423352,-0.3999401292649029,2.0
-0.5735885695249806,0.05216380916942924,2.0
-0.5735127876084817,0.4306862893129737,2.0
-0.5735830914288699,0.08015802858604142,2.0
-0.573642129244384,-0.22813568870939713,2.0
-0.5736209994687272,-0.1159602000975755,2.0
-0.5733799823838445,1.055647546461031,2.0
-0.5735630633465669,0.18161434459570117,2.0
-0.5734514300740976,0.7249716808131634,2.0
-0.5733476064708724,1.2015588279065736,2.0
-0.5731995355869021,1.8405378570139046,2.0
-0.5736743293643771,-0.4056938320121224,2.0
-0.5731084291346206,2.212637592870452,2.0
-0.5732501533660407,1.6270971312745224,2.0
-0.5736466911745209,-0.252702792194051,2.0
-0.573044342549628,2.4656613965864596,2.0
-0.5730025631287574,2.6269571180629505,2.0
-0.5736602105552864,-0.32646175908956576,2.0
-0.5735139946792103,0.4247939800598508,2.0
-0.5731026331466264,2.2358086139753173,2.0
-0.5731516279208081,2.0380783857241775,2.0
-0.5735779820350886,0.10617150380303202,2.0
-0.5735609914865998,0.19203305116608185,2.0
-0.5734469136269299,0.7462442794959511,2.0
-0.5733620152452874,1.1369131243442763,2.0
-0.5732578636565552,1.5941438633255514,2.0
-0.5734480494544775,0.7408993459940254,2.0
-0.5733786589860196,1.061658406378058,2.0
-0.573152287765584,2.035386233377421,2.0
-0.5736760271019848,-0.41545555002942597,2.0
-0.5735311381248704,0.34065561012501355,2.0
-0.5731806516768398,1.9189107547691875,2.0
-0.573025325519875,2.539428706630628,2.0
-0.5733412760156944,1.2298151287729597,2.0
-0.5733255319959263,1.2997092602920552,2.0
-0.5736299382951159,-0.16312032972663082,2.0
-0.5733900284563819,1.0098866361354613,2.0
-0.5733251423970304,1.3014320329120956,2.0
-0.5735380851525986,0.30631442614189414,2.0
-0.5735193661061843,0.3985230014459156,2.0
-0.5734419413285118,0.7696045709291202,2.0
-0.5736867173961608,-0.4791238924940973,2.0
-0.5734818835940445,0.5801658681180905,2.0
-0.5735595482489176,0.1992823824292868,2.0
-0.5734779988803976,0.5987725340838901,2.0
-0.5736215808877027,-0.1190157317976732,2.0
-0.5730294528351902,2.523468756636144,2.0
-0.5732774547830404,1.5098740481722461,2.0
-0.5732087676149727,1.8019777713470981,2.0
-0.5731171411263714,2.177699125801057,2.0
-0.5733514100916837,1.1845386031357552,2.0
-0.5736433012945242,-0.23443401963678426,2.0
-0.5733216674563181,1.3167834648611285,2.0
-0.5732827872307642,1.4868015506037326,2.0
-0.5731539863494813,2.0284524222843956,2.0
-0.5734018054578692,0.9559418074523917,2.0
-0.5736163717901507,-0.09169668759363492,2.0
-0.573509128323734,0.4485238683035602,2.0
-0.5734522936893663,0.7208981490545018,2.0
-0.5732356786387872,1.6886423325503956,2.0
-0.5732954215741338,1.431900877593482,2.0
-0.5734573661410401,0.6969339234191574,2.0
-0.5729433670635754,2.850780518331316,2.0
-0.5732677994353662,1.551503026938533,2.0
-0.5735417301170405,0.28823821331937394,2.0
-0.5736335041970229,-0.18204912293163714,2.0
-0.5735994269948248,-0.0036495147875329832,2.0
-0.5735356572812685,0.3183325195786478,2.0
-0.5735941519091333,0.02352318336522964,2.0
-0.5735765877176555,0.11325452155767461,2.0
-0.5735081962585257,0.45306129039665943,2.0
-0.5735855605694303,0.06755364221103086,2.0
-0.573023949300026,2.5447443012251445,2.0
-0.5736476917521689,-0.2581105944249118,2.0
-0.5733314023924739,1.2737111734644166,2.0
-0.5734175948317373,0.8831029537018164,2.0
-0.5729471394126008,2.836677432003253,2.0
-0.5736267121680875,-0.14605335946265546,2.0
-0.5734268505249464,0.8401260405280526,2.0
-0.5729588743539994,2.792667973301131,2.0
-0.5730514012326526,2.4381300830617274,2.0
-0.5730933250454893,2.27289884125465,2.0
-0.5735273174421465,0.3594812507562539,2.0
-0.573587246475846,0.05893484173259733,2.0
-0.5732172844583016,1.7662605362021664,2.0
-0.5729949743247027,2.655955199322198,2.0
-0.5733063852266025,1.3839902054869961,2.0
-0.5732947671021165,1.4347529296100623,2.0
-0.573511808288055,0.4354638007069998,2.0
-0.5731337933680618,2.1105463073591224,2.0
-0.5735762626885578,0.11490467469383828,2.0
-0.5734807371789735,0.5856610412027058,2.0
-0.5734064393211479,0.9346267063558239,2.0
-0.5733443953269103,1.215902961775933,2.0
-0.5735381274353004,0.30610496722513864,2.0
-0.5736248549094278,-0.1362521372774616,2.0
-0.5732639473317894,1.5680585217493646,2.0
-0.5735056962815307,0.4652194938615961,2.0
-0.5732872026435717,1.467652604114359,2.0
-0.5735984141948401,0.0015759202758104632,2.0
-0.5733645845694935,1.1253368959333165,2.0
-0.5733251639242316,1.3013368500306002,2.0
-0.5736662273066476,-0.3598734090164196,2.0
-0.5734714521109024,0.6300393915049187,2.0
-0.573611805997432,-0.0678525287457476,2.0
-0.5736587140090551,-0.31821513232510784,2.0
-0.5729402211091259,2.8625253955412506,2.0
-0.5734816868399355,0.5811092291184561,2.0
-0.5730994921290705,2.2483413899196547,2.0
-0.5735295986349769,0.34824631299050707,2.0
-0.5732068083801924,1.810174607291035,2.0
-0.5731415924141221,2.07892626379879,2.0
-0.57327583595789,1.5168668674211947,2.0
-0.5733718313084719,1.092605937709832,2.0
-0.5734165263447406,0.8880508906388328,2.0
-0.5734626013782134,0.6721315877436616,2.0
-0.5729948374296154,2.6564774642051088,2.0
-0.5730816733966141,2.319118246095137,2.0
-0.572962901236614,2.77751763474233,2.0
-0.5736185610517336,-0.10316292581806506,2.0
-0.5731661337373516,1.9787124973334596,2.0
-0.5729869487027645,2.686523834798832,2.0
-0.5735802205415126,0.09478590384449749,2.0
-0.5736566784147241,-0.30703426369923237,2.0
-0.5731575933044074,2.013711072938996,2.0
-0.5732925219403894,1.444530091648842,2.0
-0.5730719889534718,2.3573587914720133,2.0
-0.5736082187519312,-0.04918217440072438,2.0
-0.5731119581994062,2.198500628050686,2.0
-0.5735662923110066,0.1653489061549624,2.0
-0.5735921419946352,0.033848546162492006,2.0
-0.5735917296466595,0.03596498754920873,2.0
-0.5730954666644108,2.2643782804730797,2.0
-0.5732200834289781,1.7544920031428655,2.0
-0.5733325171368578,1.2687658957807684,2.0
-0.5734553826082034,0.7063127104056599,2.0
-0.5730411683538377,2.4780151654182894,2.0
-0.5734308305329192,0.8215814501261489,2.0
-0.5730937305032318,2.271286306964383,2.0
-0.5733962252188435,0.9815427771804964,2.0
-0.5734421896016043,0.7684396315454712,2.0
-0.5733785496141907,1.0621549922554414,2.0
-0.5734966554608784,0.5090429252970402,2.0
-0.5731521719631525,2.0358587617700037,2.0
-0.5733481396768433,1.1991747994916173,2.0
-0.5735452089612303,0.27094804554838897,2.0
-0.5730214668681217,2.5543248720697695,2.0
-0.5734371068534908,0.7922581133537785,2.0
-0.573316667699637,1.3388256982297724,2.0
-0.5730153607479083,2.5778483534428878,2.0
-0.5732530841192083,1.614585276721626,2.0
-0.5736234854633911,-0.12903620606955243,2.0
-0.5729856107101594,2.6916102783577784,2.0
-0.5732503073765916,1.6264400615621912,2.0
-0.5734726748927409,0.6242080429307091,2.0
-0.5736085540269557,-0.050924850313788406,2.0
-0.5731130151960518,2.1942622169696944,2.0
-0.5732564125114187,1.600355042219009,2.0
-0.5733244896646957,1.3043176257119946,2.0
-0.5730264853885968,2.5349463843505737,2.0
-0.5731176285755163,2.1757403474876926,2.0
-0.5736002243141989,-0.007766033782135863,2.0
-0.5734892880690889,0.5445888577670784,2.0
-0.5735338929302579,0.32705505699075405,2.0
-0.5731552340531137,2.023355824434309,2.0
-0.5736780596893974,-0.4272370724168347,2.0
-0.5732961183679057,1.4288634140041045,2.0
-0.5731397169828782,2.08653983630025,2.0
-0.5730415497189967,2.4765317892890013,2.0
-0.5734675039947924,0.6488409518891242,2.0
-0.5730897315962855,2.2871779371635266,2.0
-0.5736276455273224,-0.1509855172454483,2.0
-0.5730679828781403,2.3731311992879545,2.0
-0.5736164329344854,-0.0920166343952713,2.0
-0.5734272689471043,0.8381782550259524,2.0
-0.5731102313773933,2.2054207565867614,2.0
-0.5736014069093992,-0.013876340770502517,2.0
-0.5735472605634803,0.26073394412351386,2.0
-0.5731732849244712,1.9493042195670585,2.0
-0.5731751208109549,1.9417391872633787,2.0
-0.5732395197984913,1.6723503786364113,2.0
-0.5731966225074584,1.8526715782921395,2.0
-0.5733173108776247,1.3359931419783762,2.0
-0.5735315835144007,0.33845823707623224,2.0
-0.5734648945552013,0.6612452477669631,2.0
-0.5735799724121218,0.0960488168353433,2.0
-0.5730136064671508,2.5845955657599937,2.0
-0.5732855065679967,1.475012974560439,2.0
-0.5734246433938074,0.8503933179646361,2.0
-0.5733790576983893,1.0598478820445845,2.0
-0.5729789162240301,2.7170177730781813,2.0
-0.5735990954698784,-0.0019386043862761853,2.0
-0.5732832693986766,1.4847124200398116,2.0
-0.5733457144241717,1.21001332715305,2.0
-0.5732632834353463,1.5709087736178033,2.0
-0.573687975096184,-0.48701833944456596,2.0
-0.5730456162616204,2.4606995416926014,2.0
-0.572992522015248,2.6653064764168297,2.0
-0.5732998442489128,1.4126043310862546,2.0
-0.5731944047017601,1.8618985655865352,2.0
-0.5730011129923828,2.632505362287713,2.0
-0.5731856943466268,1.8980477896210146,2.0
-0.5735996425381061,-0.004762106801729682,2.0
-0.5732910959283876,1.4507345994772667,2.0
-0.5732670524576134,1.5547157197012516,2.0
-0.5734074102904352,0.9301539284866212,2.0
-0.5731614925072576,1.997748713344409,2.0
-0.57299050924462,2.672974622384511,2.0
-0.572998375116031,2.6429714529616826,2.0
-0.5733874574146517,1.0216202494189783,2.0
-0.5736259164095293,-0.1418518207512755,2.0
-0.5729448943775309,2.8450731785887364,2.0
-0.5730745247746197,2.3473610062529615,2.0
-0.5736183174825252,-0.10188614888144111,2.0
-0.5730025903213158,2.6268530471106613,2.0
-0.5730475653367546,2.4531015877977587,2.0
-0.5733357727922553,1.2543075415576106,2.0
-0.5732792863267459,1.501955882607636,2.0
-0.5734260056946788,0.8440574823269967,2.0
-0.5736643193026013,-0.3492300761459098,2.0
-0.5734724650190903,0.6252091922353233,2.0
-0.573105492299939,2.224385657409466,2.0
-0.5736965950514894,-0.5490997284464202,2.0
-0.5734736867468146,0.6193796256504165,2.0
-0.5734266199692684,0.8411991110088591,2.0
-0.5733214435124776,1.3177719032833446,2.0
-0.5730034689570562,2.623489715046084,2.0
-0.5734644248977494,0.6634759479216848,2.0
-0.5734639860600032,0.6655597498870576,2.0
-0.573160611749654,2.0013567368881957,2.0
-0.5733864222639744,1.0263400936976683,2.0
-0.573550475268521,0.2447029477860275,2.0
-0.5733862558373387,1.0270986961955175,2.0
-0.5736074916758239,-0.045404633161386765,2.0
-0.573583514963802,0.07799753498109738,2.0
-0.5733514669408069,1.1842839745747122,2.0
-0.573411276304932,0.9123228125804862,2.0
-0.5730079270906182,2.6064055371487,2.0
-0.5734527941312635,0.718536780321453,2.0
-0.573287714196774,1.465431476120945,2.0
-0.5732466561345799,1.6420050070571826,2.0
-0.5736911878536877,-0.5079429011230621,2.0
-0.5732214303662816,1.7488232903248857,2.0
-0.5735823946207754,0.08371112348553619,2.0
-0.5729664813589523,2.7640272838402247,2.0
-0.5736022507371529,-0.018239685690556586,2.0
-0.5734144654468937,0.8975867034638547,2.0
-0.573644333543062,-0.23998865901393507,2.0
-0.5729338952989825,2.8860967123981998,2.0
-0.5733485415722952,1.197377460570282,2.0
-0.5732760367449113,1.5159998212839276,2.0
-0.5736562997678019,-0.3049588721642894,2.0
-0.5731502044569804,2.043883406365591,2.0
-0.573560609054626,0.1939546502098605,2.0
-0.5730228106517206,2.549139975224467,2.0
-0.5735638831038684,0.17748818270423045,2.0
-0.5735737763738125,0.12751551476002307,2.0
-0.5736761132939745,-0.4159529623472851,2.0
-0.5733714600687027,1.0942855919039647,2.0
-0.5733000728084111,1.4116059918730228,2.0
-0.5736571922950809,-0.30985304745357417,2.0
-0.5731286993744288,2.131140666612947,2.0
-0.573385617783927,1.0300064637963506,2.0
-0.5733314957908224,1.2732969392076385,2.0
-0.5733950080453869,0.9871171902889866,2.0
-0.573424708523411,0.8500905139977353,2.0
-0.5733041388989967,1.3938271293814988,2.0
-0.5735978228387162,0.0046251077034350765,2.0
-0.5735797475510349,0.09719311345333277,2.0
-0.5730546487707648,2.425435940351592,2.0
-0.5729799666966661,2.713035540858942,2.0
-0.5734448441723123,0.7559742931467794,2.0
-0.573518310901584,0.40369039699996584,2.0
-0.5732372238421101,1.6820919687327376,2.0
-0.573418824342201,0.8774059411026383,2.0
-0.5736833039840898,-0.4582499190482837,2.0
-0.5735972078166768,0.007794881184040762,2.0
-0.5731784840611384,1.9278642621878868,2.0
-0.5732251698028648,1.7330671142575544,2.0
-0.5736822046427433,-0.45166012796399907,2.0
-0.5735522942446036,0.23561781593324294,2.0
-0.5735459975646826,0.2670234452358192,2.0
-0.573214641848702,1.7773577873128459,2.0
-0.5736869487736445,-0.4805665185195736,2.0
-0.5736319660235597,-0.1738755797652559,2.0
-0.5731079980277558,2.214363064673515,2.0
-0.5735820488693408,0.08547350376047019,2.0
-0.5732301674326722,1.711967129462448,2.0
-0.57354106611723,0.2915341460393055,2.0
-0.5736350509532699,-0.1902816051716058,2.0
-0.5735375968727455,0.30873286301742797,2.0
-0.5731732730201247,1.949353252814979,2.0
-0.5730599529210203,2.404665208930585,2.0
-0.5730820178558161,2.317755172071457,2.0
-0.5734273453326572,0.8378226285112029,2.0
-0.5732177379933676,1.7643546311193596,2.0
-0.5735639897249889,0.1769513546686594,2.0
-0.5735024973564997,0.48075146827310855,2.0
-0.5730243287168756,2.5432791239058905,2.0
-0.5736912470693408,-0.5083421702223544,2.0
-0.573644229161567,-0.23942664409902398,2.0
-0.5735619969665878,0.18697856756973866,2.0
-0.5736825672493607,-0.45382767060185863,2.0
-0.573580082842062,0.09548678436916246,2.0
-0.5732857824900146,1.4738159749753081,2.0
-0.5734094210920616,0.9208840139296288,2.0
-0.5730275623464774,2.5307825244015882,2.0
-0.5730930063045553,2.2741662987347397,2.0
-0.573467694751187,0.6479334738072976,2.0
-0.5735262531751801,0.36471756686321577,2.0
-0.5734401805313862,0.7778621124118182,2.0
-0.5732800609159068,1.4986050942453237,2.0
-0.5735201947099626,0.39446303693569973,2.0
-0.5732531553613047,1.6142809195596328,2.0
-0.5734183234445165,0.8797273222774589,2.0
-0.573310061545634,1.3678681904221648,2.0
-0.5733984727552527,0.9712403668891536,2.0
-0.573501562975537,0.4852828714007876,2.0
-0.5729778634229862,2.7210071130310665,2.0
-0.5731387520271413,2.0904547558202777,2.0
-0.573607990332868,-0.04799517934834555,2.0
-0.5730488143236698,2.4482294548537173,2.0
-0.5733598039017693,1.1468645621924234,2.0
-0.5730259033028046,2.5371961314510214,2.0
-0.5731080498901485,2.2141555065559895,2.0
-0.5734066051278293,0.9338630753330792,2.0
-0.5736851781406016,-0.4696236876910016,2.0
-0.573519763647473,0.3965753890365721,2.0
-0.573318157027825,1.3322653495857608,2.0
-0.5732456822989399,1.6461519185125255,2.0
-0.5735273280367394,0.3594291074482755,2.0
-0.5736084977383008,-0.05063224292665107,2.0
-0.5730779536974194,2.3338248117221188,2.0
-0.5729452947601429,2.843576427461616,2.0
-0.5733304931853266,1.277742640641189,2.0
-0.5735867097449527,0.06167987256097461,2.0
-0.5735172120644659,0.4090680658540655,2.0
-0.5736877952567528,-0.4858812232070316,2.0
-0.5730084134556556,2.604539808607066,2.0
-0.5736229184116783,-0.12605096526820997,2.0
-0.5732909166599879,1.451514288483934,2.0
-0.573515982226427,0.41508274819499047,2.0
-0.5733084011625501,1.3751531233779657,2.0
-0.5732312384223629,1.7074390823252024,2.0
-0.5730824299416896,2.3161242251111105,2.0
-0.5735630032254709,0.18191687120101488,2.0
-0.5736925303593907,-0.5171632042997111,2.0
-0.5736101524425213,-0.059239541696732935,2.0
-0.5730210742139416,2.5558393523516827,2.0
-0.5730440697609996,2.4667237217659572,2.0
-0.5732744312759023,1.5229303151752691,2.0
-0.5732719719842636,1.5335363972639386,2.0
-0.5732202137449007,1.7539437094381087,2.0
-0.5735842047164356,0.07447766494566789,2.0
-0.5730083128831274,2.6049256423735265,2.0
-0.5734113912579003,0.911792071402683,2.0
-0.5734376581973748,0.7896775453559745,2.0
-0.573335711498576,1.2545799598485414,2.0
-0.57366937733375,-0.37755702396630786,2.0
-0.573590364830795,0.04296559313691787,2.0
-0.5731601680242169,2.0031739221728664,2.0
-0.573646008861261,-0.249019235806079,2.0
-0.5732698817344201,1.5425412496203463,2.0
-0.5735360812354416,0.3162352005394941,2.0
-0.5734331437165483,0.8107854377765217,2.0
-0.5735056515732327,0.4654367657773358,2.0
-0.5734576736124711,0.6954791982652963,2.0
-0.5731759410264993,1.938357358716723,2.0
-0.5734996787431066,0.4944133564157319,2.0
-0.5732988489192364,1.416950616852346,2.0
-0.573368444266754,1.107918819144494,2.0
-0.5732213218255955,1.7492802239490088,2.0
-0.5729883030419058,2.6813723991701557,2.0
-0.573164716075837,1.984531281301872,2.0
-0.5735571441406117,0.21134321672183648,2.0
-0.5736795737236897,-0.43608970752058335,2.0
-0.5735242634603371,0.3744983098877256,2.0
-0.5732762797368118,1.514950414228639,2.0
-0.5736664854312242,-0.3613170404935188,2.0
-0.5733529951920694,1.177436209397088,2.0
-0.573274882818779,1.5209816253968247,2.0
-0.57347315102927,0.6219363251164781,2.0
-0.5731325963420891,2.115389869791621,2.0
-0.573630318246418,-0.16513394633156736,2.0
-0.5736510306380855,-0.27621044995789257,2.0
-0.5731683597343079,1.9695684686285866,2.0
-0.5733536628894487,1.174442770361414,2.0
-0.57320116723411,1.8337346142141195,2.0
-0.5733994426082046,0.9667910197537118,2.0
-0.5735353477261098,0.31986356148666173,2.0
-0.5730915825568531,2.2798256352234327,2.0
-0.5731084244631962,2.212656291614833,2.0
-0.5731960088311836,1.8552256530774256,2.0
-0.5735173261429435,0.4085099309398768,2.0
-0.5732801116839634,1.4983854341666578,2.0
-0.5734538260288373,0.7136656931506095,2.0
-0.5736402339756695,-0.2179697609310516,2.0
-0.5730057321308581,2.614820868136316,2.0
-0.5736101972978177,-0.05947302797249915,2.0
-0.5729762571745534,2.7270902983721133,2.0
-0.5733910827957549,1.0050704401148773,2.0
