F1,F2,label
752.0173482832578,24.495908243193462,0.0
1904.7126225398108,40.32634903174659,0.0
1467.180229661395,35.096899395402644,0.0
1200.4353262403674,31.52462449074134,0.0
314.61600295531326,15.172641821434974,0.0
314.5676980302987,15.171343695585737,0.0
118.32685158320952,8.717023108572528,0.0
1735.6043135050818,38.383057583682735,0.0
1205.3499139638309,31.593762051082734,0.0
1419.325465057904,34.48097527691013,0.0
42.88253230497321,4.808332001106281,0.0
1943.1104753789414,40.75565646179087,0.0
1668.1234260215153,37.581822430756766,0.0
427.38512797742595,17.98149283319837,0.0
366.29253313187223,16.510971508352004,0.0
369.45521593466157,16.589853921181973,0.0
611.3383608601769,21.88458937249143,0.0
1052.5813950525646,29.37591198435454,0.0
866.8833298042484,26.456485654974287,0.0
585.2944751501598,21.37032314548251,0.0
1226.8322949451717,31.894370386599103,0.0
281.51949094029527,14.259782224857888,0.0
587.1267631473827,21.406860419457388,0.0
735.6520281890575,24.205061933270247,0.0
915.1544488190507,27.24246816138166,0.0
1573.5694081216168,36.43193424887508,0.0
402.02903500600894,17.38424673283376,0.0
1031.529665049217,29.058295866528372,0.0
1187.9435669327895,31.34826850504878,0.0
94.96464551001047,7.674987610571657,0.0
1218.2135716853375,31.774077397510897,0.0
343.6641163977768,15.936815838210942,0.0
132.31128072388185,9.295776102710501,0.0
1901.0544309455756,40.2852280777366,0.0
1934.5533453785795,40.66034628645778,0.0
1620.022516520646,37.00096390629689,0.0
612.0819060644775,21.89911461314629,0.0
197.72546194629908,11.688786435763504,0.0
1371.6338737711985,33.85696653999879,0.0
883.3056330111874,26.726216728917763,0.0
246.55194797010154,13.238074385373146,0.0
993.4001150498791,28.47487705991544,0.0
70.71165618363358,6.460959387617134,0.0
1821.909621213757,39.38588224043566,0.0
520.3481080679265,20.037550380689513,0.0
1328.20055802679,33.27938364282502,0.0
626.2858112469115,22.174971206595483,0.0
1043.2011457375665,29.23477403304163,0.0
1096.5046928977292,30.02879049537018,0.0
372.35838126797495,16.66198000058851,0.0
1942.4599134645584,40.74841767691589,0.0
1553.4785458626657,36.1832860755891,0.0
1882.2778609234124,40.07355128288144,0.0
1792.9179899179828,39.05166317214564,0.0
1198.9178407613351,31.50324888108852,0.0
1847.0219861359203,39.673279737730674,0.0
179.32431493649125,11.058836379666875,0.0
394.6394637193968,17.206817542957612,0.0
92.50694381106734,7.558890549899933,0.0
653.5415280734849,22.69597376572905,0.0
780.3063649635144,24.99152220508035,0.0
545.5055452229769,20.56282810221594,0.0
1660.7115960317485,37.49285801786857,0.0
716.4244152328629,23.859312175737728,0.0
564.690616586526,20.955602542030082,0.0
1088.4735016885386,29.910379550510356,0.0
284.3845055308,14.340753030032607,0.0
1607.6190581830635,36.84981740289992,0.0
151.36758316485498,10.040741845743835,0.0
1977.070482191834,41.13189201405061,0.0
1547.7011054915874,36.11149251838275,0.0
400.1108411882103,17.338340536783793,0.0
12.190710747289437,2.2911866850119686,0.0
1634.153749100108,37.17247606264774,0.0
1416.8943727362218,34.44941648414348,0.0
1461.20520523133,35.02053889234988,0.0
1545.7518094068103,36.08723994892203,0.0
150.35269415912546,10.002203611770026,0.0
719.8511270125935,23.92125721681599,0.0
234.19169528302882,12.860687646843662,0.0
1729.4576376888535,38.31071402797512,0.0
1249.7296627833248,32.21196452226835,0.0
664.6837279799885,22.905929338210367,0.0
129.31486716656636,9.174233917542136,0.0
624.8273590052296,22.1467865315084,0.0
653.2473290401992,22.690406733814044,0.0
1462.4035226043745,35.03586554892291,0.0
1278.2567486427834,32.60369744140338,0.0
1777.6858244052755,38.8750034256685,0.0
947.4578228060574,27.757242128429247,0.0
241.65543255836906,13.089665840489298,0.0
1429.6725272993838,34.61499920275113,0.0
1524.776317521351,35.825316088896386,0.0
1125.648491786844,30.45497325036166,0.0
1545.1453355281246,36.07969132724859,0.0
990.636412637246,28.432169585830525,0.0
1048.5327150784171,29.31506981689504,0.0
858.0713194723832,26.310727762786914,0.0
52.64273395317754,5.429903541494097,0.0
218.2062612895366,12.358388924004494,0.0
64.75426025915814,6.135401285440019,0.0
1275.9619611636372,32.572344386914736,0.0
631.5790256376075,22.27699745348851,0.0
1020.197927566525,28.886022176881095,0.0
1818.401101856445,39.34557492445662,0.0
501.35733319738927,19.63288169483245,0.0
823.7390582525993,25.735789801702794,0.0
1514.3060228577242,35.693912539347124,0.0
460.33400688719337,18.73274816568826,0.0
156.2397893505722,10.224105826154377,0.0
582.3370395248556,21.311232907107662,0.0
325.03501771887875,15.450456136512027,0.0
1862.6717082918947,39.851414363399655,0.0
1619.468458301591,36.994224356544635,0.0
1269.9468958432503,32.49003129840444,0.0
1746.1753152668805,38.507180510007124,0.0
1610.5699007701207,36.885827486924654,0.0
375.79342737452754,16.74697385862172,0.0
1788.3804106224175,38.99911436852471,0.0
1081.7634625852195,29.811120720678186,0.0
1618.1077118305127,36.97766748012572,0.0
1795.4463754914557,39.08091562978516,0.0
638.8786580249716,22.417021890747286,0.0
222.53564706345222,12.49609311497351,0.0
458.60644643647413,18.694013070143434,0.0
857.2044630861141,26.296350056326332,0.0
1639.2615263381042,37.23429088700527,0.0
1724.7109941980134,38.25476198248867,0.0
15.149804487256487,2.595895225167599,0.0
1024.552787302568,28.952337738733537,0.0
837.8018893926156,25.972670487094536,0.0
446.9410800321684,18.430598799092124,0.0
242.19863126223666,13.106199269397875,0.0
678.126075841212,23.15697464520097,0.0
1889.1006182703513,40.15058655978167,0.0
649.2840945048424,22.61529325597248,0.0
1040.645406678138,29.19621262596153,0.0
1409.2156221002879,34.34956192725157,0.0
730.1845690252879,24.10719640375882,0.0
1946.8555867473249,40.797305118458816,0.0
1928.1827529538693,40.58925565804844,0.0
506.341533130591,19.739792272851332,0.0
997.544912371181,28.538818353228272,0.0
604.606003132458,21.752681690219163,0.0
572.5081909485687,21.113802748222664,0.0
75.73867532454325,6.726308523700352,0.0
1222.2537749786757,31.830518733357785,0.0
1008.4101207963187,28.705823561527374,0.0
105.06541254419939,8.138412645299306,0.0
560.1112035700377,20.86244055771984,0.0
1819.8001905361398,39.36165279705438,0.0
481.88034179578983,19.210116623273855,0.0
292.3374658384706,14.563512180468031,0.0
981.9473387068208,28.297518328856878,0.0
1974.5970964139221,41.104597468559724,0.0
486.87135002644516,19.319222004962704,0.0
1347.4323787095407,33.536252393302256,0.0
1526.4458436087045,35.84622800420687,0.0
478.0283389385023,19.125538450424898,0.0
1459.623174113489,35.00029506387752,0.0
738.4961462544998,24.25583130073097,0.0
1267.7504004135092,32.45992595845012,0.0
1270.1988780941365,32.493483361185824,0.0
1074.6258216801036,29.7052067530234,0.0
182.92739840502603,11.184485838629454,0.0
1673.8443389850022,37.650358430996576,0.0
644.4353352799924,22.523094702660295,0.0
375.69021557893865,16.74442549839555,0.0
83.55814160162468,7.123892987004048,0.0
1184.8993509152388,31.30515401783103,0.0
1358.2929581325475,33.68052013108979,0.0
34.7961040729936,4.246256905325567,0.0
1027.2453068658183,28.993270642886383,0.0
455.72506507107494,18.629250960951733,0.0
1293.4917815209753,32.81115646245708,0.0
351.3580170442219,16.134005227925726,0.0
1385.046861053776,34.03352280887218,0.0
776.4204973617473,24.92396530583489,0.0
1876.7389503610232,40.01091108934071,0.0
277.5676712037032,14.147451947428788,0.0
685.0325062863435,23.28502092340701,0.0
229.39178927249773,12.711609567774405,0.0
1852.6617968197697,39.73756044676704,0.0
1757.9351734684437,38.64483101118725,0.0
518.6700751647129,20.002083135090835,0.0
1323.1226682837985,33.21125844221395,0.0
1637.6760531906289,37.21511343968788,0.0
1113.491600602138,30.277859236067684,0.0
1062.3732303837467,29.52259085622682,0.0
486.46504483800294,19.310360180542418,0.0
188.56642939048962,11.378833468654904,0.0
1797.6957237067006,39.10692276774488,0.0
1804.101549113991,39.18090016700414,0.0
1269.342120293712,32.48174473452575,0.0
680.9569893087555,23.209536169025842,0.0
701.328384872078,23.5846955893202,0.0
1455.1007104722814,34.94236592025921,0.0
1797.4846871888676,39.104483425362766,0.0
1777.4331385804105,38.87206658224341,0.0
1562.9661655880052,36.30090145511104,0.0
1287.2076876818737,32.72572982392353,0.0
170.5977846158383,10.749536400709259,0.0
325.8509264513075,15.472031370772225,0.0
1800.3730983554838,39.1378580015423,0.0
1215.9813005056635,31.742853561515805,0.0
19.760195207762777,3.0333584820881025,0.0
205.34050507816443,11.941396218975548,0.0
1330.160071132626,33.305638535090175,0.0
11.232225515865919,2.1877257351272235,0.0
324.2074731204978,15.428546847299646,0.0
1100.5531149107883,30.08831974830045,0.0
1386.962285847124,34.05866740830264,0.0
1307.072586256888,32.99508587128659,0.0
451.2680669347773,18.52868670966246,0.0
1427.5408528428006,34.58742682759441,0.0
477.2507544380199,19.10842539233922,0.0
653.6803485055414,22.698600198544174,0.0
1496.1822232772126,35.46540159689529,0.0
1302.4145445220097,32.93210605639534,0.0
1701.6919544561558,37.98234400779934,0.0
1318.3790349316025,33.14750218131367,0.0
1139.716006531283,30.65876347246948,0.0
189.71303084465896,11.418016348867956,0.0
738.3614141655373,24.253428384426808,0.0
533.2028826803404,20.307445139855346,0.0
490.7433564603515,19.40349565976232,0.0
1949.3129565987167,40.82461170462029,0.0
789.1517036107534,25.144695213742956,0.0
1787.3553258426714,38.98723402137178,0.0
1265.4153055783397,32.42789302711869,0.0
1592.8444255893226,36.66902925557862,0.0
1008.3262285181423,28.704537447727343,0.0
1156.9122282483338,30.906219414912652,0.0
988.0796100751855,28.392607674598725,0.0
393.1581462330296,17.17105920678993,0.0
1448.091832716294,34.85241358176546,0.0
564.3660876182955,20.949012458617176,0.0
50.41729323277783,5.292859956213159,0.0
1294.0909641139256,32.819291221450136,0.0
356.8530233698081,16.27357971673486,0.0
1884.197493892808,40.095239545959124,0.0
1911.1423080510997,40.39853002283347,0.0
1832.9996827419031,39.51303988438056,0.0
743.2498395450622,24.340476823772573,0.0
32.503212793627576,4.077288425530363,0.0
1859.9130220262457,39.8200667427983,0.0
859.3581677986502,26.33205846755574,0.0
1936.5992747705204,40.6831528304615,0.0
1930.5285287911731,40.61544598682665,0.0
1709.2655975719777,38.07217213494325,0.0
591.738431199321,21.498577961661756,0.0
773.1435830551717,24.866867711992207,0.0
1705.5192624627489,38.02776268564112,0.0
636.7143473030548,22.37558622649512,0.0
341.59883159900625,15.883526446128815,0.0
1116.6935922814046,30.32460017123538,0.0
1875.5883119771772,39.9978870187286,0.0
1395.233657681026,34.16705487966712,0.0
1143.2223018941665,30.70936649720477,0.0
196.73206280801952,11.655498743890005,0.0
1233.142876483499,31.982186945241363,0.0
1983.4053838543164,41.20172324226325,0.0
282.7015739256226,14.293237317010943,0.0
1039.7231279908328,29.182285813749786,0.0
1758.0026238803887,38.64561922266217,0.0
1484.7338788167035,35.32035877878048,0.0
1397.2060624371852,34.192854725612015,0.0
1408.145595246985,34.335626195348105,0.0
721.9031102124683,23.95828279722341,0.0
590.0231555717188,21.464504731349052,0.0
1621.9505523088546,37.02440769280514,0.0
1623.4553589173506,37.042695782730846,0.0
1737.3970185745306,38.40413325040537,0.0
1829.7513983044278,39.47583449125692,0.0
1025.7434260330626,28.970444819767856,0.0
1006.0837743716563,28.670140095159635,0.0
1599.8137274044357,36.754410154104285,0.0
1303.0767961088475,32.941066837025424,0.0
1407.1109136627967,34.32214586730444,0.0
1594.807595107334,36.69309850721025,0.0
1783.2721083935933,38.93987789542377,0.0
678.8864971892066,23.171103786762146,0.0
754.1041189519369,24.532773178036013,0.0
190.32876517521834,11.439012104858964,0.0
1159.665638087665,30.945674353904987,0.0
73.83817096055944,6.626941371883712,0.0
934.2185425047086,27.547314419768917,0.0
1088.370568762075,29.908859161510968,0.0
575.9121213454606,21.182360568105224,0.0
1184.779947781005,31.303461839942283,0.0
62.883472936705324,6.030462690269175,0.0
76.66650155815604,6.774415092518014,0.0
1648.4350849429934,37.345073898900445,0.0
723.3028647490161,23.98351045726487,0.0
256.6135090117292,13.538721908007423,0.0
1047.5532184875894,29.30033310093003,0.0
1543.1976304129635,36.055438942524184,0.0
434.3556755350359,18.14268158146463,0.0
1248.914117422816,32.20070165227423,0.0
173.0188485130859,10.836073624316525,0.0
105.47303939456668,8.15667882558612,0.0
1065.7825612908546,29.573506990714286,0.0
1084.3501324094289,29.84941968814624,0.0
1278.0015347852247,32.600211883057234,0.0
1455.3720877523972,34.94584452691039,0.0
1954.9969882420346,40.88770872310721,0.0
1035.6630193243684,29.12090474353854,0.0
648.7908697444902,22.605929888977947,0.0
1593.5943753382232,36.67822565549806,0.0
544.4712081335642,20.54146453247899,0.0
880.9424382629002,26.687552971759974,0.0
159.20083030016158,10.334247042353558,0.0
52.504806507222895,5.421483585403777,0.0
1928.5850630525492,40.59374851563397,0.0
1675.1998732185486,37.66658078643401,0.0
1395.122447392363,34.165599673772654,0.0
820.8777282516569,25.687352581855443,0.0
349.2112286121542,16.07919353469838,0.0
315.4539283084686,15.195144794647168,0.0
503.2602288511778,19.673758693334985,0.0
1101.5392061771297,30.102803371380254,0.0
1432.3754850100258,34.649932021302874,0.0
1323.5494486641842,33.21698905708328,0.0
562.6879418404204,20.914905813441393,0.0
1913.016047922882,40.41954260235459,0.0
1478.9890771042428,35.24736991113388,0.0
1111.797504296071,30.253103239878193,0.0
1226.5679173822248,31.89068656599984,0.0
842.1820604243769,26.04605721831725,0.0
498.2322821710901,19.565588724663563,0.0
714.8622459815255,23.831025067140075,0.0
1518.8970542777865,35.75158511547887,0.0
30.34621837009591,3.9138463021057923,0.0
234.5995989422016,12.87328980540019,0.0
94.06494663382674,7.632647261722516,0.0
83.46497453105123,7.119256632445638,0.0
1714.1688556320955,38.13022389932301,0.0
1410.4937536575333,34.366201180038615,0.0
951.3772324473119,27.8191159035311,0.0
198.05025859856255,11.699652982832736,0.0
986.2752669951678,28.36465872934936,0.0
949.9725426177964,27.796955040102066,0.0
349.02610585035944,16.07445946904005,0.0
870.6983128947851,26.51936532315129,0.0
799.9711145768719,25.330925148227582,0.0
1234.829129650018,32.00561529286444,0.0
1273.3276726133847,32.53631886358623,0.0
92.66111313674806,7.5662139482395165,0.0
752.1624166343446,24.498472625844762,0.0
1254.8547655507684,32.28266142095422,0.0
1009.3249405894042,28.71984486275713,0.0
1716.227789242783,38.15457624216373,0.0
1320.5411185864878,33.176575290785294,0.0
328.4657151174074,15.54100193086264,0.0
143.3803662318919,9.734113007102748,0.0
1287.9831751321703,32.736282879829766,0.0
54.84522777288674,5.56308698125807,0.0
1174.661361603167,31.159758045894776,0.0
1883.7407254174836,40.0900798988621,0.0
1154.0518801893936,30.865183586844072,0.0
779.2911215263217,24.97388768500973,0.0
1289.7215556970089,32.75992799553025,0.0
919.5221165730756,27.312580336879158,0.0
1094.3169527576335,29.996576708022946,0.0
1886.2103065090043,40.11796893292736,0.0
775.1544326268186,24.90191902328114,0.0
1925.66884896248,40.56117084565365,0.0
1813.9685979276153,39.294597957448765,0.0
394.25560266802034,17.197557484928538,0.0
140.9581041001124,9.639567530155102,0.0
203.95051440452778,11.895619173821306,0.0
38.10461940293432,4.48219351580278,0.0
191.25288496465728,11.470463793979816,0.0
1369.180711239659,33.82458424137498,0.0
144.6239020226842,9.782363250086153,0.0
640.8241968836644,22.454211313291207,0.0
1692.9939610097251,37.87893846672043,0.0
48.310317199339075,5.160688571278448,0.0
1632.167427554862,37.14841186278997,0.0
566.5324747853853,20.992969895098547,0.0
238.79151900341515,13.00220473200901,0.0
1396.6487654362036,34.18556686227874,0.0
1261.0224532636732,32.36755339055905,0.0
1758.2005461543783,38.64793201563624,0.0
1473.3359476404419,35.17541028586686,0.0
1610.1875235571626,36.88116303680595,0.0
566.8923293044977,21.000263727351033,0.0
357.5115246646773,16.290236759670968,0.0
1504.4308961119257,35.56957054630119,0.0
1616.8966148440113,36.96292572947055,0.0
1984.3081204253947,41.21166542517016,0.0
828.2107007913447,25.811323525905927,0.0
746.9706004802339,24.406546834429527,0.0
1556.0394092133222,36.215066936500506,0.0
684.506576244722,23.275292135382998,0.0
1864.7914435487282,39.87548596859461,0.0
1720.0743921486435,38.20003419794002,0.0
860.9786654908613,26.35889766711977,0.0
1504.9436510470946,35.57603667441923,0.0
1512.289014863464,35.66854782701923,0.0
208.65200329201747,12.049872044566616,0.0
1808.3720630778234,39.23014651872151,0.0
1013.5587792783167,28.784655841665423,0.0
1656.15054153163,37.43801488996767,0.0
642.973490517753,22.49523217178045,0.0
1794.3100140538322,39.067770860222,0.0
781.3556760778747,25.009736784383367,0.0
23.112161785985435,3.328342783874973,0.0
1814.0312787505436,39.29531925705223,0.0
184.92587840296517,11.253679457366186,0.0
641.5006375671696,22.46712884483785,0.0
1903.4077109746884,40.31168524503181,0.0
1904.4982653594839,40.323940556933934,0.0
1149.977964990227,30.806651670329774,0.0
1266.8128884669065,32.44706859269672,0.0
899.8989657984306,26.99629368148662,0.0
589.2604845761161,21.449339240905683,0.0
660.214051490704,22.821911956393837,0.0
1348.198405085227,33.546446569825015,0.0
1507.9512926495954,35.61394304740519,0.0
1586.3784595485567,36.58965106029903,0.0
1582.4557766744315,36.54141780696588,0.0
184.7643556983269,11.248100073372742,0.0
991.8863158725493,28.451491503496367,0.0
117.27326098401075,8.672177481605384,0.0
1102.1438500781328,30.111681203932868,0.0
886.0628678677153,26.771263832756024,0.0
1778.6688961071518,38.88642724046555,0.0
704.7412057105141,23.647027679369995,0.0
236.59195444337948,12.934695483344898,0.0
288.5255358338829,14.457105453293485,0.0
1526.2278251390378,35.84349781449357,0.0
1239.5664899219075,32.071351484470576,0.0
204.64131150678514,11.918387686842847,0.0
170.5312990876366,10.747151921669428,0.0
1405.1149041574656,34.29612720279453,0.0
147.7819536859946,9.904041603144176,0.0
1646.9537651522762,37.32720545093787,0.0
1415.663822799018,34.433432229525,0.0
165.0010525986548,10.54726977835234,0.0
171.99679753092178,10.79961133897387,0.0
1976.5756818671698,41.12643308653765,0.0
751.4784166714,24.486379413927295,0.0
744.2172515882106,24.3576706664092,0.0
1628.828873018872,37.10793309519924,0.0
1897.7799250766213,40.248387132398776,0.0
1975.2984352268356,41.112338652950775,0.0
1509.9590828440412,35.639227357729546,0.0
755.4580986675704,24.556666172065565,0.0
169.31604179868694,10.70349051058283,0.0
1557.507656513639,36.23327665635637,0.0
1119.9006549291669,30.371349698235225,0.0
851.4302489567241,26.20039806393695,0.0
1815.9764650304915,39.31769742093827,0.0
224.83114334527167,12.568593877760087,0.0
988.2945149710822,28.39593485657894,0.0
24.16420622620322,3.4175268797806813,0.0
940.3463310209801,27.644657872469,0.0
114.75284850139188,8.564141535814175,0.0
240.1000236837218,13.042226277781456,0.0
237.51206881185982,12.962971610297648,0.0
1301.569110333494,32.92066343835148,0.0
1495.288956384043,35.45410407435496,0.0
1169.8461819937377,31.09116105905918,0.0
1927.6331635055924,40.583117293499164,0.0
752.6786195524029,24.507595635036758,0.0
574.2526142471919,21.148961284978792,0.0
1740.4512491358628,38.44001532986308,0.0
449.91988656177284,18.4981735853427,0.0
1929.7335140885853,40.606571484480526,0.0
25.79526139259521,3.5528909360369205,0.0
1943.0484136810683,40.75496595424412,0.0
88.35209959682682,7.359402499335355,0.0
1785.5480931884113,38.96628073934782,0.0
1058.4728854988102,29.464244044662365,0.0
1989.2282597600977,41.26581384322339,0.0
149.85508840661942,9.983264001977519,0.0
1110.7976263809483,30.238483297504114,0.0
1941.895631016816,40.74213795835203,0.0
1049.2630112783365,29.32605290261452,0.0
1261.934304987083,32.38008689318612,0.0
1394.6712949884134,34.15969568484094,0.0
912.095304607036,27.19326421911682,0.0
1258.2521011684819,32.32944743262275,0.0
1171.7378843822664,31.118126619035685,0.0
1805.581738505876,39.197975752459854,0.0
92.94720119502612,7.5797891969548745,0.0
564.7480178541254,20.956767977134273,0.0
1904.1068698087217,40.31954257110998,0.0
1783.7890927822614,38.94587668569317,0.0
914.32763364305,27.229177379658964,0.0
1243.396710201298,32.12441050220177,0.0
557.5787914020143,20.810764330697808,0.0
378.89906867924964,16.8234980968085,0.0
930.417730751081,27.486780281270974,0.0
709.6183983959635,23.73585212701049,0.0
1170.4210606135466,31.099358001750023,0.0
157.75340258975015,10.280527490125719,0.0
1952.0819413788868,40.85536077051219,0.0
1975.7178679137714,41.11696759104084,0.0
1399.498607280814,34.222819774519195,0.0
1075.269414700994,29.7147709257795,0.0
621.9160576468298,22.090430261772095,0.0
1630.8202099038365,37.132082218290584,0.0
1372.6304320837805,33.87011325073595,0.0
327.8299245782106,15.524255754255977,0.0
1825.123792050989,39.42277458191506,0.0
1648.3084223737412,37.343546336724785,0.0
1902.8835098614757,40.30579321030333,0.0
1454.6282518260932,34.93630902703883,0.0
1229.9578485628433,31.937892331527745,0.0
839.4667371951422,26.000585750931723,0.0
1868.734480660798,39.92022723954399,0.0
1735.3797558967697,38.38041685459907,0.0
92.4896243858181,7.558067492360086,0.0
54.55420369548098,5.545623738590932,0.0
755.8658761017106,24.563857946732973,0.0
1624.3354228962564,37.05338745708573,0.0
1977.8489999291046,41.1404797220045,0.0
303.39718975337667,14.868560320050268,0.0
1191.3769444672537,31.396829976423565,0.0
764.725490013695,24.71964905184244,0.0
1943.1195682648813,40.755757629664096,0.0
1687.4800418722753,37.81325179365887,0.0
1679.8980250719533,37.722756226351486,0.0
940.411393499949,27.645689769950277,0.0
832.6164425184922,25.885550740274947,0.0
549.6247005978237,20.64771358442368,0.0
114.89783944220724,8.570385778830179,0.0
1732.6961903624706,38.34884597816847,0.0
1629.0318008154672,37.11039468016084,0.0
2002.7362821764834,41.41413903125348,0.0
1996.5735774682996,41.346530366840746,0.0
1113.953546077377,30.2846065050784,0.0
1541.1848873709068,36.03036098010534,0.0
1892.8133385884855,40.19244931655415,0.0
1702.5400891820168,37.99241313731359,0.0
497.46587332402174,19.549054361000458,0.0
904.098010024345,27.064253738931853,0.0
260.81821681098813,13.66270655084111,0.0
1911.387252059698,40.40127745895778,0.0
1215.472293300817,31.735729921582784,0.0
460.0230075137774,18.725780144158136,0.0
1346.5624151428678,33.52467160044224,0.0
1239.3867900879632,32.06886018704589,0.0
719.2447690783426,23.910306433566028,0.0
229.5602442854892,12.716866301093862,0.0
1346.3073678348408,33.521275765409754,0.0
1043.6806813061578,29.242004216266558,0.0
1547.84838440639,36.113324311962906,0.0
1043.3921757756198,29.23765447664145,0.0
1707.6093483513437,38.052544668536456,0.0
1106.901400266102,30.18145245998432,0.0
1124.9698111053508,30.445110183023335,0.0
1756.563401029274,38.62879754773962,0.0
809.9322713333878,25.50130500594725,0.0
270.545379819503,13.945955860016436,0.0
59.42336763354389,5.832687854261842,0.0
1513.4780605558265,35.68350257073161,0.0
1243.750723507163,32.12931052425471,0.0
1411.337789208707,34.37718514891563,0.0
428.6364433641281,18.01052089737248,0.0
275.2652050570524,14.081654610638674,0.0
30.653079374684335,3.937378069496975,0.0
704.0859255748375,23.635070933120257,0.0
1182.9482184483502,31.277492189318476,0.0
787.4434857938454,25.11517946120819,0.0
877.9481076342108,26.63849088695587,0.0
1811.5842500783583,39.26715099725316,0.0
699.4190770746364,23.54975975144864,0.0
1031.0395841365398,29.050864403513465,0.0
1570.5228199790972,36.394329465872495,0.0
796.045263453564,25.26349318672114,0.0
1247.3060858892643,32.17848384337227,0.0
1727.9779050556228,38.29327945156545,0.0
1902.3248308050845,40.29951276637289,0.0
296.70094478948215,14.684509261985276,0.0
1856.4505097723445,39.78068910079834,0.0
987.2764946792946,28.380170633076943,0.0
519.2760754144863,20.014898043409,0.0
921.2885955916151,27.340890830539134,0.0
1963.3594182629497,40.98037463794268,0.0
988.2804888964918,28.395717714040053,0.0
660.3882876334932,22.825192249860585,0.0
1269.9410897563323,32.48995175323996,0.0
483.0487963609364,19.23570801139129,0.0
154.0003962109213,10.140161809552184,0.0
260.2579171838584,13.646239851263905,0.0
258.5874166429524,13.597045504221441,0.0
306.37291344556496,14.94972997545176,0.0
280.18410173604735,14.221908018689978,0.0
1284.893217453176,32.69421537721162,0.0
366.4028935972037,16.5137295428934,0.0
694.2397292945499,23.454756737324065,0.0
1796.8408634526438,39.097040687086114,0.0
950.9526816511433,27.812419725006134,0.0
1338.2742509123514,33.41415729030894,0.0
347.25998005994876,16.029234706078505,0.0
387.2438843977244,17.027644901976,0.0
83.74607491713559,7.133238211817034,0.0
340.48208924299627,15.854647757307136,0.0
559.9988713041804,20.860150703653165,0.0
356.65239743931596,16.268501890851333,0.0
179.74538631375273,11.073580826431126,0.0
243.7423433329679,13.153090126450353,0.0
924.5760060542469,27.393506390045754,0.0
415.3624871582538,17.700487265210572,0.0
731.4657862410543,24.130161482435533,0.0
1009.8871795085936,28.72845914268989,0.0
1383.960755038972,34.019257481372826,0.0
80.6164354761153,6.97636183490471,0.0
1602.0446620158853,36.78170284684148,0.0
1258.9369225591415,32.33887090012898,0.0
165.82369754187752,10.577198544082698,0.0
1750.4122254878696,38.55682622269801,0.0
1845.0179451420338,39.650415173507554,0.0
124.33706011335865,8.9694154885735,0.0
556.570983131297,20.790167599366832,0.0
1615.629418156903,36.9474953325873,0.0
1499.7196444493677,35.51010848460952,0.0
371.69075840786417,16.645417476939226,0.0
421.3996953006137,17.842075464554622,0.0
743.8769807759118,24.35162425857996,0.0
972.0838855648412,28.14396367791551,0.0
1239.6399284636052,32.0723695607183,0.0
740.7583796285766,24.296146045637684,0.0
928.0893783569451,27.44963806872643,0.0
1498.1417608173465,35.49017314279562,0.0
75.32880456844467,6.70497352128344,0.0
507.65189220473565,19.767815180169457,0.0
1429.8821779453378,34.61770986602469,0.0
1793.6771106189397,39.06044803179062,0.0
1026.4137634768986,28.98063472360734,0.0
1067.3008125363888,29.596155549533314,0.0
216.76459771868394,12.312249185168765,0.0
897.8317572085278,26.962780032102824,0.0
1068.3087354751144,29.61118260400493,0.0
487.7025169654196,19.337339317106967,0.0
541.2907712970639,20.47565184249705,0.0
757.5083322033721,24.592806133806427,0.0
41.84505059993596,4.738869063349932,0.0
647.0351615811998,22.572571610637294,0.0
425.6011837571753,17.94003827650315,0.0
657.8782369973628,22.777895762439176,0.0
241.9917965104242,13.099905872359026,0.0
1784.3161886451073,38.95199192666888,0.0
1190.3000810963442,31.381606246361684,0.0
1361.369703527104,33.721287893336346,0.0
1581.561767136556,36.530416893314545,0.0
999.9332202870783,28.575603788292426,0.0
176.1722633475895,10.947944579204549,0.0
1077.2904821345337,29.74478706774994,0.0
1176.793117749177,31.19008321473699,0.0
1494.0778542189782,35.43878148227688,0.0
866.3121264397997,26.447059354959293,0.0
257.6548096493292,13.569515857575842,0.0
570.3774943236224,21.070788770006235,0.0
729.0893577270963,24.087549895666783,0.0
1294.981109715505,32.831372823768476,0.0
1144.6570452892365,30.730050964745004,0.0
715.1104793627229,23.83552197234308,0.0
1976.326980156194,41.1236890101991,0.0
1214.6724165755124,31.724532573174184,0.0
477.2061243393353,19.107442767898107,0.0
205.96366157371637,11.961871586841479,0.0
308.2884341856591,15.001781961106468,0.0
494.68281803175864,19.488909967225432,0.0
323.953787324193,15.421825169295323,0.0
375.78735094595163,16.74682383727879,0.0
573.0179021726223,21.12408122262962,0.0
349.3699697021034,16.083251999503492,0.0
1796.7948840612219,39.09650910562162,0.0
162.76510386906392,10.46557033433737,0.0
1052.0911326051312,29.368550561375436,0.0
823.7668794823138,25.736260364404885,0.0
1968.0523052414571,41.03229275121193,0.0
226.5171713515483,12.621623337198185,0.0
798.6722008649782,25.308632301054878,0.0
1942.2314847554778,40.74587567479712,0.0
1734.266005093176,38.367317009592036,0.0
1637.3757299143983,37.21147978808524,0.0
518.5924123836857,20.00044030226055,0.0
344.39193187818375,15.955558839450282,0.0
1340.4458107286741,33.443145098206934,0.0
1862.0282637501214,39.84410478344569,0.0
1116.6168273037217,30.323480362606638,0.0
1146.3263658013261,30.754101390533865,0.0
562.7784008502465,20.91674555249078,0.0
1542.1961582267163,36.04296300669951,0.0
376.7418603028689,16.770375583261565,0.0
650.2372950914656,22.633379054519242,0.0
853.8602275944427,26.240816194813583,0.0
1018.2765778829695,28.85672016542469,0.0
487.58087176332197,19.334688690863597,0.0
232.12344431228362,12.796629182139233,0.0
1224.3658377765885,31.859987858607983,0.0
580.0936692382736,21.26631322797208,0.0
1165.5837188283328,31.03032307934426,0.0
311.299685624205,15.083299128879679,0.0
965.3154146673667,28.03815290950589,0.0
1068.2530477574885,29.610352539898788,0.0
105.75784545240995,8.169422183854218,0.0
676.1030883814861,23.119348810028463,0.0
271.3455289115017,13.969039309832484,0.0
128.94687201971433,9.159217985857467,0.0
1983.2181167214778,41.199660519773445,0.0
647.584863061255,22.58302058334141,0.0
1622.9773570538453,37.03688747010597,0.0
512.0628667566183,19.861891959332837,0.0
1366.1718019144005,33.784827225121965,0.0
1523.661677618757,35.81134825269784,0.0
1194.3939450152204,31.43944591929948,0.0
946.1798256768416,27.73704012131027,0.0
826.6564346981672,25.78509179458388,0.0
700.6453782490406,23.572203470909844,0.0
1862.33463023425,39.84758528489954,0.0
1664.4761901327795,37.538068793859615,0.0
1933.3428888487904,40.6468474211791,0.0
251.07766163034375,13.374010568609005,0.0
1464.9267402870262,35.06811781026657,0.0
1879.9604714604195,40.04735466227957,0.0
365.10737454919405,16.48132797718401,0.0
135.21001710410155,9.412153588069541,0.0
1485.4381130097706,35.3292967062675,0.0
1152.0490948359225,30.836421209652933,0.0
1686.8996284819182,37.80633128606657,0.0
282.0773609828409,14.27557924652201,0.0
1593.7566457063028,36.68021524765034,0.0
405.9401427109289,17.477523576714955,0.0
329.91059286964173,15.579001439350407,0.0
331.1318568893244,15.611058234042176,0.0
1632.3799488573238,37.15098723388729,0.0
1333.5519130211694,33.351040131948665,0.0
1049.1981488042136,29.32507757221778,0.0
720.58104332411,23.93443353266091,0.0
1757.6574934983942,38.64158594477839,0.0
787.8458128651869,25.12213393602207,0.0
1636.4302629492463,37.20003832537267,0.0
881.2695593407643,26.69290793636142,0.0
756.8285076231464,24.580827961116757,0.0
928.3796390990934,27.45427081961854,0.0
605.6058022355394,21.772315520292533,0.0
1498.4187114826989,35.49367294350424,0.0
1008.4928861211511,28.707092347494186,0.0
467.16915677042164,18.88532463599548,0.0
1802.4142586831072,39.161427070871696,0.0
770.7293266496198,24.824726137861077,0.0
1090.1876569581243,29.93568849492399,0.0
1816.2119614010219,39.32040586347695,0.0
1251.6099612947341,32.237918217376595,0.0
236.25339285258244,12.924278055656242,0.0
1882.9443456856195,40.08108254287374,0.0
1258.5521359123377,32.33357636122957,0.0
672.7037342983474,23.056000875669277,0.0
281.07524633443495,14.247192072366023,0.0
1591.2718459302132,36.64973831794785,0.0
1243.2769905320245,32.12275326630275,0.0
1069.996989578943,29.636337206524182,0.0
1791.0480947506567,39.03001619176628,0.0
1580.4134537816394,36.51628226928291,0.0
305.9166570669943,14.93730895145627,0.0
626.3078088715905,22.17539606911335,0.0
499.74983379064,19.59829204927085,0.0
1491.0907695693602,35.40096357009552,0.0
68.98863672022746,6.368092514734681,0.0
1142.8792179543775,30.704418435846318,0.0
1528.124378689726,35.86724148605446,0.0
1756.7875135276927,38.63141742434812,0.0
687.0644909176875,23.322575180129476,0.0
1645.7479975807184,37.3126550466698,0.0
223.69749499293647,12.532832625413418,0.0
1696.148574659754,37.91647189494827,0.0
257.47122594429186,13.564091094776453,0.0
797.5350200008115,25.289100781367694,0.0
1597.813656778713,36.72992595208688,0.0
302.39686818378,14.841189334982278,0.0
461.24128030818616,18.753062954842058,0.0
1447.6926389703387,34.84728390593234,0.0
1443.2594624113945,34.79027063253517,0.0
1285.4391511997928,32.70165145350527,0.0
1391.0698608687403,34.112532148399254,0.0
1088.5302419238744,29.911217612243313,0.0
506.3750865250767,19.740510269710295,0.0
694.2971828482426,23.455812466207313,0.0
365.83751206096775,16.499595815419344,0.0
1820.1696110926964,39.36589704696631,0.0
1169.892256171543,31.091818083000593,0.0
804.666794259735,25.411369510171145,0.0
927.031109420211,27.43274143715109,0.0
1897.8494619929627,40.24916980496887,0.0
309.27430871131486,15.028511965736314,0.0
1175.5701542873853,31.172689300993092,0.0
1014.8318750659681,28.80411842325184,0.0
1226.0347331973423,31.883256031726404,0.0
37.87868520370435,4.466359337387077,0.0
1747.5022168696762,38.522734731764935,0.0
1867.513855742288,39.906381873674334,0.0
1133.3630513737862,30.566883596526992,0.0
1396.476037277458,34.18330777961242,0.0
1848.2725103199236,39.68754109412838,0.0
1417.6571497245957,34.459321185512124,0.0
307.64736356074485,14.984378802441467,0.0
1155.6807773063858,30.888558542297712,0.0
1216.5534500979056,31.750859152955943,0.0
851.247488695675,26.197355926949864,0.0
1476.0830044598208,35.21039486199922,0.0
1872.0121418560063,39.957383338824336,0.0
1854.411909276004,39.75748814595755,0.0
904.6887371519435,27.073802132394544,0.0
228.9199602524173,12.696876182582054,0.0
1972.9783103428613,41.086724603730254,0.0
1681.0370264527191,37.73636358677748,0.0
251.8098150437586,13.395892628337226,0.0
1844.9568979728715,39.64971848130462,0.0
1743.046235246017,38.47047782667051,0.0
1040.7403124038867,29.197645402886604,0.0
1185.664578789008,31.31599683190955,0.0
800.9675460108045,25.348014688574143,0.0
111.65768256769407,8.429970940102681,0.0
673.2873370645143,23.06688747132922,0.0
1608.9322834561958,36.86584710653051,0.0
10.33502486243228,2.088555135142483,0.0
669.8891616152699,23.003433237998415,0.0
799.2987002389187,25.319386906447424,0.0
1077.868809112065,29.753371115850978,0.0
1842.9839988158747,39.627196961262136,0.0
695.5979352773223,23.479702936694466,0.0
696.8130502379587,23.502001007620215,0.0
1478.1975465788296,35.2373024956521,0.0
907.4470640721024,27.118347117473256,0.0
451.93970942946027,18.543871543818025,0.0
907.8904051179269,27.12550061323888,0.0
284.2498959770723,14.336957396067643,0.0
355.40393223188994,16.23687264441586,0.0
999.7843105043991,28.57331148586765,0.0
840.8322033227086,26.023461091261392,0.0
1832.962697509543,39.51261644269983,0.0
727.7118079205796,24.062818334259774,0.0
1164.2835557202577,31.011744312922637,0.0
1267.6672906877254,32.4587863502266,0.0
27.70735473043427,3.707392818628076,0.0
1330.231296691115,33.30659250772767,0.0
358.70576812782343,16.32040827772764,0.0
1925.428313946746,40.55848269627503,0.0
299.8839456608638,14.772239799840039,0.0
832.2255002602876,25.878971928824406,0.0
173.02326566631882,10.836230990445356,0.0
1997.0484867092612,41.35174405090835,0.0
1007.4417250748542,28.690974363048692,0.0
1193.8863387923407,31.432279522371456,0.0
136.37414928290002,9.458566123008474,0.0
1503.122020359492,35.55305999735102,0.0
422.51333136591245,17.868086670478334,0.0
1799.3731085047198,39.1263064418761,0.0
412.9719307161927,17.644150197517483,0.0
384.0378174298199,16.949463259869795,0.0
75.0601661835408,6.690961975975862,0.0
947.1617413964905,27.75256298589859,0.0
1132.778755452171,30.55842059957023,0.0
133.62966910857503,9.348850706533874,0.0
1554.2683141769219,36.19309000099217,0.0
909.5897718193604,27.15290490247968,0.0
1051.8488039424453,29.36491131414755,0.0
884.5266800290982,26.746174344935262,0.0
804.4899955926595,25.40834480382582,0.0
1122.3736546701443,30.407354208578898,0.0
313.05712030196173,15.130701101668993,0.0
366.49909566296276,16.51613341906427,0.0
1726.8214961867832,38.279649264109736,0.0
1895.5132880935523,40.222867302169874,0.0
749.5544369037522,24.45233455774212,0.0
544.2959202212029,20.537842135721604,0.0
1291.144614082355,32.77927257905028,0.0
820.4399711328787,25.679934911661164,0.0
52.57663589702415,5.425869694317798,0.0
314.88427601112403,15.179849551098888,0.0
1435.128795258975,34.68548247592782,0.0
1321.0018679495965,33.18276789019541,0.0
56.02398945293595,5.633411592126771,0.0
446.66953126225815,18.424427928773945,0.0
464.89134052352557,18.834598321736056,0.0
1346.946638473404,33.52978676033307,0.0
41.11591154940391,4.689615135637618,0.0
210.6254564605479,12.114132584858226,0.0
1603.0562589950282,36.79407233935642,0.0
359.72434640322786,16.346103890117263,0.0
1308.6427269313963,33.016290507842,0.0
479.1197536208763,19.149535723352574,0.0
201.27163518123123,11.806979533219234,0.0
489.10707626104704,19.367921408702337,0.0
1447.7213730953242,34.84765316514051,0.0
1714.6407199627913,38.13580620968342,0.0
1663.67693470431,37.5284743507316,0.0
797.3273950663016,25.285533285072702,0.0
1339.3293372211322,33.42824433780995,0.0
412.66092719794204,17.63680945787551,0.0
589.134314637068,21.446829475529356,0.0
1795.935506719057,39.08657236077627,0.0
27.519229712699584,3.692382278378247,0.0
173.34178246752978,10.847573577216435,0.0
418.4706601703846,17.773504254847765,0.0
54.88735383302406,5.565611466606753,0.0
365.5125766994192,16.49146817546787,0.0
1169.1915628215093,31.081824738319245,0.0
845.8327383691638,26.10708034269573,0.0
1788.6058793614409,39.001727018687674,0.0
1638.1188717434443,37.22047056566135,0.0
686.5353875718472,23.312801702894816,0.0
521.6360257024056,20.064734736334138,0.0
762.3273444771539,24.67756581218189,0.0
1183.7029696645911,31.288195175774312,0.0
538.9298024762708,20.4266758128633,0.0
1251.4317320940715,32.23545894271482,0.0
821.7955847348036,25.702899170232445,0.0
1107.1821807977672,30.185565640353555,0.0
875.2501161928868,26.594214655991834,0.0
591.7721893308128,21.49924807415373,0.0
1900.1898157245564,40.27550345444493,0.0
1530.419133673195,35.89595112576041,0.0
282.75998243249455,14.294888661268255,0.0
1740.1888920914428,38.43693428693812,0.0
977.9026195318019,28.234641156281413,0.0
1792.3676368220124,39.04529311802344,0.0
1602.934573201212,36.79258460559643,0.0
853.4141539847266,26.233400787456723,0.0
46.68993308505788,5.057350847414872,0.0
540.1581712030046,20.45217001285048,0.0
1086.3490203625697,29.878985311541378,0.0
1270.0958660772492,32.492072175407806,0.0
518.5621051809067,19.999799169376505,0.0
281.24350252327935,14.25196166121292,0.0
1673.099665052877,37.64144380804437,0.0
1972.1001240958726,41.07702562234505,0.0
1054.449575041002,29.40394791789089,0.0
345.9772564186143,15.99631947703563,0.0
547.4235696529286,20.602392074168467,0.0
38.446299216865796,4.506065378908639,0.0
1831.8683034242977,39.500084895300255,0.0
237.96254824434249,12.976796485566059,0.0
1156.1371570499487,30.895104789109364,0.0
550.9219614440179,20.674383355425164,0.0
1111.4452839785351,30.247953901724788,0.0
1305.990537627224,32.980465641756005,0.0
1662.7206106564959,37.51699145390304,0.0
415.5377693125125,17.70461193298863,0.0
23.434764415008736,3.355852652126231,0.0
276.2950963273496,14.111117837350086,0.0
1803.3025657448893,39.17168017640398,0.0
1751.0352560548022,38.56412157449602,0.0
1197.9437824021193,31.489521140979804,0.0
1204.1532388274156,31.57694012014244,0.0
1333.2307319536287,33.34674337310429,0.0
353.37011067782475,16.18523298671007,0.0
1832.094624574533,39.50267672539867,0.0
840.5222089713901,26.018269410352218,0.0
769.2231634282608,24.798403182349098,0.0
1040.899667410718,29.2000510174574,0.0
96.00049062772565,7.723510577426817,0.0
335.1720968456001,15.716710451404474,0.0
1479.2625433381709,35.25084749454122,0.0
167.90834980700978,10.652732278951403,0.0
1209.4253748556685,31.650990681037527,0.0
493.4645657192499,19.46253121112961,0.0
781.5436420924897,25.012998359632608,0.0
580.2201250244672,21.26884751678914,0.0
714.261985541833,23.82014784262171,0.0
1441.2777008755959,34.764756316778936,0.0
597.0877348303694,21.60453463353683,0.0
1135.9068135508896,30.603702924981103,0.0
955.1319061890141,27.878272920035936,0.0
1330.4989575578452,33.31017724982024,0.0
1876.938487804271,40.01316925439678,0.0
1468.3368255062935,35.11166305264297,0.0
432.5926904535829,18.1020317673058,0.0
64.25877570344267,6.107739428223363,0.0
527.3216920231056,20.18435891992269,0.0
1193.271972222827,31.423603891901863,0.0
104.95909590724348,8.13364317743893,0.0
995.7797120474149,28.511602655070657,0.0
1196.8029182069547,31.473435623163677,0.0
671.3794939684675,23.031281381841715,0.0
1545.0353576404552,36.07832230599135,0.0
215.61480847903934,12.275347136932414,0.0
152.54520526031192,10.085309507228828,0.0
1459.5679756014442,34.999588544544096,0.0
994.0291714333913,28.484589782918444,0.0
1379.9748348138075,33.96685795925131,0.0
872.6505695337571,26.55149122884027,0.0
495.57216696514473,19.508147271150715,0.0
1641.4370980627216,37.26059123075234,0.0
1602.0556245646999,36.78183691395835,0.0
1392.566306693071,34.13213648956803,0.0
547.0989485928478,20.59570066797693,0.0
1183.5743775129747,31.286371869715417,0.0
724.8702407234973,24.011731100218384,0.0
185.51804425148651,11.274114816330801,0.0
1837.8989693407038,39.56909454767506,0.0
276.1608921862412,14.107281466732145,0.0
1903.7585471375864,40.315628208567354,0.0
895.0173427859293,26.917092325658924,0.0
3.7443649973521054,-2.7478420413376337,1.0
4.271282225514546,-3.9970015887702077,1.0
4.123392291916032,-2.1660737600798914,1.0
4.0096482976352,-3.9952242839898258,1.0
3.249069174157674,-2.9443459674233017,1.0
3.248981738709787,-2.9868158631908193,1.0
2.690405633555605,-3.0651827682801835,1.0
4.218603625187422,-3.45947846599096,1.0
4.011964663700052,-3.6534610646627916,1.0
4.104597670436126,-3.926206957928586,1.0
2.1044592934694832,-2.5261348524802054,1.0
4.2825898228357,-3.398286028509809,1.0
4.1961328794974175,-2.2314635317961953,1.0
3.423376679200375,-3.429052743878314,1.0
3.3356354362857727,-1.791445658730651,1.0
3.340527248214292,-3.344830268346108,1.0
3.6267865872823264,-2.1744397198786145,1.0
3.935119245773254,-2.056821957446998,1.0
3.825024220472799,-3.936447745353329,1.0
3.6020615718545677,-2.9994050464231945,1.0
4.021979994679402,-2.9935647531349776,1.0
3.185757140069727,-3.309548405180791,1.0
3.603836830825205,-1.766964916624608,1.0
3.731877355807144,-3.564575407987234,1.0
3.855765699577213,-2.535682597677606,1.0
4.163065776035211,-2.2841092016621594,1.0
3.388594447079641,-3.5039066616893315,1.0
3.9236620128595603,-3.3589961525185106,1.0
4.003717589771429,-3.956254776624915,1.0
2.564093310041334,-1.6546607761744108,1.0
4.017983113617975,-3.870051228604562,1.0
3.299345703688733,-2.7981028304921964,1.0
2.7544463238270898,-2.2930532306335083,1.0
4.2701930585879815,-2.3103860408386376,1.0
4.28008937085095,-3.9739061435042866,1.0
4.17955271384036,-3.6565788395295464,1.0
3.6274768652316265,-1.7995671812250662,1.0
2.9842239394206627,-1.4983897480834965,1.0
4.085224746916765,-2.8083919782138933,1.0
3.8356712377220203,-2.189586700683105,1.0
3.1101591155159976,-1.7505009893060492,1.0
3.9023007278073396,-3.690639774363964,1.0
2.394220184330498,-0.8670569338651452,1.0
4.246100579872312,-4.205052019200275,1.0
3.535245727365158,-3.460061810732703,1.0
4.066985296189265,-2.340774883679681,1.0
3.6405041243148593,-2.6799238836616124,1.0
3.9300427496806045,-3.9673264117911766,1.0
3.9583024049692703,-2.057112854799845,1.0
3.344980765407541,-1.9601543670585517,1.0
4.282400111801355,-3.977382913986899,1.0
4.155783662406648,-3.2781406084747085,1.0
4.264569403480037,-2.328381062778731,1.0
4.237012054631746,-2.748790685566731,1.0
4.00893114942412,-3.525347593275177,1.0
4.2538567144178465,-4.202090836523108,1.0
2.9284198105943213,-1.8369054307760346,1.0
3.3780423352952726,-3.38762907785095,1.0
2.5490140738642557,-2.8061921878159968,1.0
3.6646923535861085,-3.7271197768732294,1.0
3.765321915204024,-3.0187703278467013,1.0
3.5620707900294257,-3.4833809119722647,1.0
4.1936095039091335,-2.9220023025787913,1.0
3.716844732318452,-3.762633864182612,1.0
3.581706067621093,-3.669124077558013,1.0
3.954133795632101,-3.0179710014799297,1.0
3.1915262653428056,-1.7599120945113325,1.0
4.175197325877024,-3.7950202680257625,1.0
2.8314954787297033,-2.2055642512364457,1.0
4.292405640754337,-2.6390777055603696,1.0
4.153672110006579,-2.7814647977057474,1.0
3.3858741550920963,-2.699203821707945,1.0
1.3638439919235277,-0.8994618498679832,1.0
4.184474285099794,-4.110820814860174,1.0
4.103626009404127,-2.1507436114136276,1.0
4.121079465323033,-2.2218330912857245,1.0
4.152957895286129,-4.187379019228667,1.0
2.8276454103031967,-3.035092668448601,1.0
3.719553221663903,-2.098777092731949,1.0
3.080826246998134,-1.569881438681525,1.0
4.216593359245486,-3.3216170616291247,1.0
4.032463396206499,-3.933099425562427,1.0
3.6742904481220626,-3.3500095492550983,1.0
2.7413195446004117,-2.080367045837579,1.0
3.639180216396539,-1.7938154264572672,1.0
3.664436706770595,-3.8054698505242017,1.0
4.121544071270707,-3.1337396901994277,1.0
4.045258349080568,-2.1612929576588957,1.0
4.23217780854926,-4.094672685884237,1.0
3.8754433201772933,-3.3957303456447834,1.0
3.0987198162658074,-1.5088492147148291,1.0
4.108714631983382,-2.1818061387209813,1.0
4.1452149684565285,-2.6961983668329834,1.0
3.97317679153407,-3.5480642167460323,1.0
4.152735501560322,-4.032805617974899,1.0
3.900720626636197,-2.615265475043782,1.0
3.9329337243663787,-3.8232322644658954,1.0
3.819227502193263,-2.1217066070376047,1.0
2.223541902549214,-0.9233430114694794,1.0
3.0404894941934235,-2.957506133905173,1.0
2.343392010049061,-0.8066328978327993,1.0
4.044239724555231,-3.976469263611729,1.0
3.645283188353786,-1.9033344174735738,1.0
3.9173974127388473,-2.2332962123949374,1.0
4.245008434240583,-2.4930146288778094,1.0
3.5141194338570334,-3.355000874664981,1.0
3.796059224218661,-3.559745415112295,1.0
4.141309939570415,-4.179087566251871,1.0
3.4656002206002268,-2.1194763426765677,1.0
2.8496233135629723,-3.181167428050068,1.0
3.599184388705058,-2.713215660857042,1.0
3.2676198161583554,-2.999537557115028,1.0
4.258637017776506,-2.356494959754105,1.0
4.179358873779602,-3.119157360715671,1.0
4.041560985472564,-3.8119938767762003,1.0
4.222044248279575,-4.037432267174816,1.0
4.1762365367598075,-2.78094908504224,1.0
3.3502053637079396,-3.381132591869167,1.0
4.235576273156662,-2.489484028719133,1.0
3.9506272336337833,-3.428334656976997,1.0
4.178882527777333,-2.2154501357565133,1.0
4.237810508987273,-3.167871183680179,1.0
3.6518082873612565,-2.706299425286711,1.0
3.0517005248570808,-1.3821239702590287,1.0
3.4634628716976024,-3.573386210434142,1.0
3.8186540460674117,-1.9603383945631676,1.0
4.186242722068773,-3.9642535684751525,1.0
4.2150360710894805,-2.2428171312662126,1.0
1.4930733627790727,-1.013034638133639,1.0
3.9198131498745012,-3.8741203371171222,1.0
3.8056641242229476,-2.213092262231174,1.0
3.4488153061174582,-2.887266467248167,1.0
3.100000290295873,-1.8890115532078857,1.0
3.6856574229661345,-3.818878845897772,1.0
4.26661931617731,-2.630311656359834,1.0
3.66098151856424,-2.0422044091670193,1.0
3.9286516793536923,-2.3974045616073805,1.0
4.100545956355997,-2.9445336113965923,1.0
3.7276432260244547,-2.8175990689413766,1.0
4.283680703341284,-3.7609282978546315,1.0
4.278220638474579,-3.9076211104900476,1.0
3.5197408530087513,-2.148914039232291,1.0
3.9046622086150196,-3.2287292666386076,1.0
3.6204979207325003,-2.569506839806837,1.0
3.5895158211932694,-3.187553404325238,1.0
2.433840270200462,-1.8257037016340436,1.0
4.019860248973633,-2.1123428110683555,1.0
3.9108062470868186,-2.0071530688444446,1.0
2.6221792370732993,-2.8268184418760764,1.0
3.577080692820996,-3.0105884035290726,1.0
4.245444200767995,-2.4946553189711014,1.0
3.491601030999856,-2.7872583780470896,1.0
3.20723953097989,-1.8012748277155652,1.0
3.895723857623113,-2.6474300832841395,1.0
4.291696453084362,-3.3417828361139357,1.0
3.4974572968558375,-1.7567448811637156,1.0
4.075134145127614,-2.172505643500133,1.0
4.145835155771566,-4.1001473560598525,1.0
3.4870394524997357,-3.241626469091757,1.0
4.120465502874557,-2.837665988573958,1.0
3.7340674484761576,-1.9875498494742283,1.0
4.040579632654174,-3.25870837777924,1.0
4.041673457662625,-3.6139981457766064,1.0
3.94687321059953,-3.9815387301907306,1.0
2.939787718657649,-2.2279577596030764,1.0
4.19807291239427,-2.461805141189833,1.0
3.656725434425568,-2.07094286053881,1.0
3.3500490820569078,-3.316249080360695,1.0
2.4904593405028406,-0.912555581876798,1.0
4.00226282038367,-2.240479537002324,1.0
4.079684637108786,-3.5545461226134694,1.0
1.9826712831984563,-1.8054461127983856,1.0
3.9213016078577527,-2.0132636181580783,1.0
3.459879960135152,-1.878314124225951,1.0
4.051974870710783,-3.797664774861943,1.0
3.311947226552983,-3.5377350089406776,1.0
4.090740638735776,-2.2172456328364265,1.0
3.7624887688978133,-2.1237819033383247,1.0
4.262899746309089,-2.7987468030504092,1.0
3.1777019328237417,-2.203018552040313,1.0
3.691409990219845,-3.724121161425008,1.0
3.0690131089402617,-1.6893942345784603,1.0
4.255584087206952,-3.804547274395789,1.0
4.225847394716143,-3.3554456997308,1.0
3.533410425506159,-1.9716327542952115,1.0
4.064813981644415,-2.2593790764036736,1.0
4.185694383903609,-2.541825513229094,1.0
3.967019623895639,-3.152193925405991,1.0
3.9403703548663533,-3.832200860521774,1.0
3.496982811470897,-1.6849575604514753,1.0
2.957133960712148,-2.858166486877873,1.0
4.238519898627661,-4.083538465310238,1.0
4.240535280693088,-4.011564181966407,1.0
4.041290952873162,-4.08675725846692,1.0
3.688022447734063,-1.9345193445147504,1.0
3.7047559947942292,-2.3471574445544374,1.0
4.118706719993515,-2.295601793966347,1.0
4.2384533806431035,-4.182021377157788,1.0
4.23209726414083,-3.9343506719542267,1.0
4.159234216271361,-3.165416603080753,1.0
4.049214115589251,-3.7964248063765056,1.0
2.8999043203303665,-1.9342765421709691,1.0
3.2690471809498103,-3.480335022787324,1.0
4.239363119709147,-2.262696864343102,1.0
4.016943292240757,-2.113134369052028,1.0
1.650390526581162,-0.329843104444947,1.0
3.0058017244962647,-2.697180486822889,1.0
4.067820964658585,-2.8410461738712374,1.0
1.315042993133541,-1.707787361257642,1.0
3.2661684120822416,-2.199322805264946,1.0
3.9603921649621814,-3.496793596638099,1.0
4.091523959812468,-3.090743222217958,1.0
4.057895636460497,-4.096044346570691,1.0
3.454292771325301,-3.4589838961098724,1.0
4.10786891265186,-3.472978201450186,1.0
3.4861141547535994,-3.6575531263654084,1.0
3.6648129427316554,-3.6622433990370657,1.0
4.134486082087548,-3.904624913811338,1.0
4.055871861906726,-2.8641045017596563,1.0
4.207422546146006,-3.647898404363665,1.0
4.062778041277241,-3.6015038140857603,1.0
3.980219026443509,-2.228135657847121,1.0
2.960597026186248,-1.7799751350405304,1.0
3.733963889979574,-1.9314436303272677,1.0
3.549111338759013,-3.6247039393961504,1.0
3.5019592079934356,-3.134896988825483,1.0
4.28439534792812,-3.480795612055948,1.0
3.7717185669476607,-2.241594169385702,1.0
4.2352514105860735,-2.302411945404475,1.0
4.039534486576974,-2.27929639007871,1.0
4.169965184555714,-2.201303436249969,1.0
3.9107590624398956,-2.0024078796327403,1.0
3.988710140221172,-3.694993782259351,1.0
3.8992548780913308,-2.797903885316385,1.0
3.37590318885755,-2.0589557029845764,1.0
4.115970125640711,-2.1799072473018493,1.0
3.581379522687648,-3.4956555506995755,1.0
2.198492655655323,-1.652983863665231,1.0
4.052237404214789,-4.087994802764869,1.0
3.3207786838100724,-3.3165819947544692,1.0
4.265146912688349,-3.9031016080222485,1.0
4.273191493529675,-3.890321296014767,1.0
4.249538940312158,-3.024271651567678,1.0
3.737709183228018,-2.359343145879425,1.0
1.942838748664921,-0.5721234732601773,1.0
4.257797286849934,-4.268045580992732,1.0
3.8200777277931928,-3.267571692001781,1.0
4.280688211314448,-3.617247966232931,1.0
4.278909460106517,-3.408123698034126,1.0
4.209938846102329,-4.220937409461801,1.0
3.6082804794546397,-2.8502890321662737,1.0
3.7600885329640383,-3.7302874029364075,1.0
4.20869554606301,-2.332767180849581,1.0
3.649881454350213,-2.030400065132889,1.0
3.2959147804298548,-1.5551515185091092,1.0
3.968647863828653,-2.9990147282857222,1.0
4.262552277311462,-2.2750635475918983,1.0
4.094894176312031,-4.077989095486575,1.0
3.9819607283058844,-4.029992261001405,1.0
2.981347533148977,-1.3445387564415294,1.0
4.024888690566117,-2.970778717032567,1.0
4.294217987757224,-2.6792575471373135,1.0
3.1881445594782236,-3.24225624711651,1.0
3.9281488489633665,-2.0158201001228644,1.0
4.225869134667102,-3.4221739358302115,1.0
4.130132827588601,-2.873077479675306,1.0
4.095694888396391,-2.45142872701821,1.0
4.100115419865561,-3.9086366052369894,1.0
3.7211689367208614,-3.7860269780591445,1.0
3.606631768587599,-3.7439545892508046,1.0
4.18022672977525,-3.8905513728971384,1.0
4.180752233088441,-2.5244633245301413,1.0
4.219188585401929,-2.239089384115303,1.0
4.248534004656891,-3.601081249920541,1.0
3.9204718324795316,-2.8650180607915483,1.0
3.9094963490300505,-3.6116174836670876,1.0
4.172439252680771,-2.426545383212784,1.0
4.056160031386976,-2.3217936351925053,1.0
4.099698793169802,-4.093928876275411,1.0
4.170663195222543,-3.581173360109143,1.0
4.2339555320868705,-3.554955186820676,1.0
3.6862936715974137,-3.6472790305504423,1.0
3.7459376954718153,-3.8015519636212547,1.0
2.9624480285306665,-1.3699915963204088,1.0
3.990057958022463,-2.183861045274519,1.0
2.4191839529832624,-2.8194585528574323,1.0
3.867461165904891,-2.738416348606721,1.0
3.9540801682495066,-3.120717426621241,1.0
3.5928829659272625,-2.572546704656906,1.0
4.002205683747484,-2.18030854208226,1.0
2.326447044441099,-1.9489010682442427,1.0
2.440860641641653,-1.0516873742973796,1.0
4.189405020967428,-2.65562622630696,1.0
3.7222684521213965,-3.3805015393338476,1.0
3.1329643261881857,-3.3714032330715535,1.0
3.9324037111135346,-2.9736766212464247,1.0
4.152020687218926,-2.3793232323863345,1.0
3.43257568122219,-2.8811694130489593,1.0
4.032093320717069,-3.2717047718496195,1.0
2.9079603529771796,-1.8152149365013104,1.0
2.6244031537879207,-2.991894256867274,1.0
3.942187315372042,-2.403110249662714,1.0
3.9519815616625533,-2.2133359215575505,1.0
4.04514515374424,-2.2748443173868793,1.0
4.118812412733803,-2.4612111525263614,1.0
4.286044909920683,-4.003058897321259,1.0
3.9259299320060546,-3.607838394515624,1.0
3.660550040845314,-2.4361808982238333,1.0
4.170231933027829,-2.467765914471206,1.0
3.560992583267987,-2.5475688261179763,1.0
3.834151397509086,-3.019622675470699,1.0
2.860363869860875,-1.1987031684413836,1.0
2.2220209690090025,-0.8448067153841777,1.0
4.278338833776903,-4.164119224342801,1.0
4.198531617868751,-2.4267539923122303,1.0
4.094848995925476,-4.1117310513591,1.0
3.7940848229379203,-2.5050722175089146,1.0
3.3084591971857806,-2.082866265309226,1.0
3.2505837368414787,-2.1338967791701133,1.0
3.5162722022366197,-3.1991601103999643,1.0
3.9609000100734946,-2.5510744290641023,1.0
4.109785187665695,-4.134308210238098,1.0
4.064996794707415,-2.5470468717327637,1.0
3.5796879406182103,-2.0071884567655505,1.0
4.273746682566133,-2.342722758437544,1.0
4.127935671739483,-2.422861857976076,1.0
3.96615626287245,-4.018606500081513,1.0
4.021857809929534,-3.2567972542698067,1.0
3.808622789518118,-3.8230659663195286,1.0
3.5105661708209435,-2.023478647415782,1.0
3.7156056723644735,-3.2775421684755965,1.0
4.143025541328351,-3.0787757957027884,1.0
1.9026605921035513,-2.2796381346865644,1.0
3.0818188867851033,-1.395589929859529,1.0
2.5586195130241207,-2.5091877174480723,1.0
2.4898168626675803,-0.9196079311470029,1.0
4.211561978731225,-3.565232758380838,1.0
4.101059797000314,-2.1522838931431125,1.0
3.8777849525135264,-2.0413559801388503,1.0
2.9851612375706087,-1.7345265665744685,1.0
3.898218205552739,-3.992033585046832,1.0
3.876946840832999,-3.1691244725379093,1.0
3.308157407563572,-1.9269102340201045,1.0
3.8275154950693935,-2.1610412784633306,1.0
3.779445769876589,-2.2759116623594813,1.0
4.0256633998731886,-2.1178393466934162,1.0
4.043068135209762,-2.5808213573979013,1.0
2.549971831798009,-2.877631060005324,1.0
3.74447446979125,-2.8925677940790515,1.0
4.034783525572319,-2.9308742132576286,1.0
3.911320526136881,-2.4730412015799157,1.0
4.212242164927407,-3.9115505882961425,1.0
4.063706903782984,-3.5785958912367417,1.0
3.2735974542582773,-1.7973879110855293,1.0
2.8004645621048763,-3.1399717058579526,1.0
4.049555535446522,-4.1081732320273785,1.0
2.2472951188116617,-2.6843254662361793,1.0
3.9973426716042875,-4.044351157419076,1.0
4.265009550265853,-3.4956722105816462,1.0
3.9873065674578982,-2.668984807267969,1.0
3.7645830790126578,-3.8000289979187216,1.0
4.050320135685086,-2.9798963688626485,1.0
3.858466604154547,-2.2548426981118306,1.0
3.9571698926689662,-3.4497373818819863,1.0
4.265751822025484,-3.7091928493402944,1.0
3.761562622752445,-2.043246931725924,1.0
4.277481515080634,-2.319988274450763,1.0
4.243625646419867,-2.852449455968539,1.0
3.377488782948243,-3.102241372474765,1.0
2.7907084265341493,-1.3090517079058395,1.0
3.0019238627967297,-1.4703228935773027,1.0
2.0356673253302153,-1.1609610219197706,1.0
2.965214799262115,-1.3898371132484182,1.0
4.084210078395666,-3.9892633840231926,1.0
2.8054087339322975,-2.6086486909541695,1.0
3.6535347732812844,-3.766972217551853,1.0
4.20451881442135,-2.3109903098749167,1.0
2.173718730826609,-2.554682290181399,1.0
4.183785076859554,-3.251626219274953,1.0
3.583555807919422,-2.8852226538329395,1.0
3.0919204998901804,-3.071541177331042,1.0
4.09546876443088,-2.9372966602727892,1.0
4.037563078968153,-2.8184404094407927,1.0
4.225932922199763,-3.6121971779957027,1.0
4.1257652167613825,-2.172046800046155,1.0
4.176101980921282,-3.149171165454962,1.0
3.583916497742519,-2.528222413007267,1.0
3.3218278326833253,-3.549435158739249,1.0
4.1376020267555935,-2.266178520709794,1.0
4.178458230881069,-2.7451827077447413,1.0
4.2944757790487715,-3.531738055629522,1.0
3.7991310618480005,-3.5025332823239577,1.0
3.7405433466332383,-3.7683529284183255,1.0
4.156717098310228,-2.570702051417503,1.0
3.6909739782305175,-3.832192733151663,1.0
4.259281409456876,-3.39744764453109,1.0
4.213510736328124,-3.1940182162866346,1.0
3.821146583150881,-3.8582819266116952,1.0
4.1377951551933325,-2.180277711531111,1.0
4.140554565299443,-2.7664219118117837,1.0
3.014934808536744,-1.7807623996748212,1.0
4.241874880450231,-3.523794021024238,1.0
3.913694571824746,-2.497145244120481,1.0
4.192051070200689,-2.3197966663346605,1.0
3.655435971072959,-2.052975875278245,1.0
4.237451789843273,-2.3134257497043533,1.0
3.766084531756051,-2.095482373910607,1.0
1.742784073714998,-2.314505538406417,1.0
4.243645224241154,-2.9105080228401237,1.0
2.9459961325032618,-1.3620130577434186,1.0
3.6541338203482194,-3.385320223019592,1.0
4.27089394986106,-4.139241546536001,1.0
4.271218461950053,-4.128575314359152,1.0
3.9853014683217993,-4.031552495094822,1.0
4.040160251205606,-2.3985088829423575,1.0
3.846229487903723,-2.93127124505231,1.0
3.6058971496705294,-3.320622055863185,1.0
3.6704597123990603,-3.512119896742836,1.0
4.075456305987801,-2.236274562197378,1.0
4.138926653940901,-4.176268044044893,1.0
4.167660084192425,-2.216367849262084,1.0
4.166257067666719,-3.768871445970173,1.0
2.945496868407093,-1.3032300558825107,1.0
3.901435784611521,-3.7531722921386588,1.0
2.6852750357450073,-2.5787448761980585,1.0
3.961211181415253,-2.1426090413016996,1.0
3.8374393533625075,-3.89228257327334,1.0
4.232491056750005,-4.162493564158174,1.0
3.7075116179801832,-3.094668562849806,1.0
3.08664248624411,-2.542429996566921,1.0
3.19976237104576,-3.439566174871014,1.0
4.1457542059213575,-3.992313568433286,1.0
4.027834210459346,-2.837428835425286,1.0
3.003854396814916,-2.0129537987018407,1.0
2.899681468879392,-1.9981252897251396,1.0
4.098894208834768,-2.4629410899357587,1.0
2.8177745534960406,-1.7145067015225188,1.0
4.188895577006861,-3.990267601026058,1.0
4.103133545445993,-2.7903058201236277,1.0
2.8808313101720406,-1.3715602621297904,1.0
2.904573449239551,-1.2371575975027276,1.0
4.292263839009122,-2.3594000467714444,1.0
3.743958119680953,-2.2566554330665434,1.0
3.7384474427856866,-1.8723762173405811,1.0
4.18262478009645,-3.3667259859593544,1.0
4.269216346428325,-4.270055113902522,1.0
4.291897636497904,-2.6864327445000664,1.0
4.139680743252564,-2.8003091604755483,1.0
3.746955792045653,-2.7072681550068056,1.0
2.8955925692997035,-3.054636886045793,1.0
4.157251581480224,-3.9078844370353627,1.0
3.9702740000912793,-3.0315259317607395,1.0
3.814819302288029,-1.9653043585328727,1.0
4.244252450165685,-4.258146471123253,1.0
3.057556010418166,-3.1896128149765524,1.0
3.8993782237209724,-2.59344762559313,1.0
1.7689783634494796,-2.043916377493657,1.0
3.871169697730696,-2.590809973345802,1.0
2.6728101281857706,-1.1294761326400142,1.0
3.09503719047464,-1.8673460317783888,1.0
3.0888563501212887,-3.2589186420017358,1.0
4.0555037697173475,-3.67217817132159,1.0
4.134147617656366,-4.163828148479712,1.0
3.9950137296454513,-3.3839059907543065,1.0
4.278059133833823,-3.407350396898577,1.0
3.744863838634539,-3.383776667375531,1.0
3.591243894440097,-1.7943874461298925,1.0
4.220183791127862,-4.2358644192322,1.0
3.4525918063633414,-2.2541292565630946,1.0
4.278676103198761,-4.079350108134718,1.0
1.807372586077971,-0.6390328770892642,1.0
4.282571727703873,-3.459687556070098,1.0
2.522575462532594,-1.9148834559842758,1.0
4.234678220620155,-3.7793826079310286,1.0
3.9382845351915536,-2.0313252224026996,1.0
4.295878745075272,-2.394811113113319,1.0
2.8257481119804253,-3.168861376789624,1.0
3.9656460770584263,-3.3796010626071817,1.0
4.282235509284096,-4.257512344584851,1.0
3.933328570587956,-4.015309024795231,1.0
4.037972861541565,-3.686264339000463,1.0
4.0946656733574365,-4.124004475992062,1.0
3.8538662629162395,-3.3056548155915397,1.0
4.0363162702823665,-3.011667793845719,1.0
3.995929826448331,-2.0676945544336918,1.0
4.240999954349446,-2.672750380540753,1.0
2.551744853974961,-2.952034648967669,1.0
3.5817638058656525,-3.690199440025665,1.0
4.271102017285898,-4.26546418355508,1.0
4.234119770059218,-3.9859827951132742,1.0
3.8552529545431273,-2.0061687609994956,1.0
4.0295832725985505,-3.9039547909734305,1.0
3.5745065434495022,-3.0809712970479395,1.0
3.3548878176048613,-1.790258445897834,1.0
3.8651486475236485,-3.7444814647376137,1.0
3.71142648413422,-3.845299546984623,1.0
3.995292283637369,-2.817679872586044,1.0
2.855139031343089,-2.139262350587116,1.0
4.285199535332897,-2.7534499366883383,1.0
4.292017919207968,-2.416135077403055,1.0
4.096624142151127,-3.0607726513277536,1.0
3.9472127299165756,-3.6070607866786597,1.0
3.6365281918680394,-3.765323939149848,1.0
4.183317144866987,-2.246108794111679,1.0
4.085636420783073,-2.1653470401214534,1.0
3.272494405801241,-2.350248118727857,1.0
4.247099252783852,-2.294244887294428,1.0
4.18936147809143,-2.7646614860195533,1.0
4.27073789909023,-3.7686613028333267,1.0
4.118522665400625,-2.1630888736975415,1.0
4.02342250472903,-3.165840916230853,1.0
3.8067904984193057,-2.2858021995367097,1.0
4.260478129483358,-2.470092096641724,1.0
4.218530309334238,-3.6710040837094446,1.0
2.5489063781707566,-2.7968844330750438,1.0
2.2442126524382697,-2.561668611953915,1.0
3.7472620532568444,-2.330734554032184,1.0
4.181059339943875,-2.211851002756879,1.0
4.292628679388093,-3.357976371509451,1.0
3.2283910278144474,-1.6972140421118143,1.0
4.005353856691256,-2.364009481783862,1.0
3.753875479695327,-2.8892714504773243,1.0
4.282592473970926,-3.3892484660670217,1.0
4.202670304529187,-2.290500825546423,1.0
4.20011857547237,-2.6321602777245294,1.0
3.8712089433964514,-2.651727852809844,1.0
3.8021414105224074,-1.9687643322171646,1.0
3.566344396185341,-1.7689062554815624,1.0
2.673534658231003,-1.0840629715002859,1.0
4.21765341567545,-3.249434306190364,1.0
4.18269537451967,-3.1645595176961483,1.0
4.299712735536126,-3.11366982087998,1.0
4.297966793000868,-3.2330878304528463,1.0
3.967254816457226,-2.6982142716074278,1.0
4.151281053810159,-2.9997393379004555,1.0
4.267731698984761,-3.4069789961712917,1.0
4.207704891120182,-4.187997593375888,1.0
3.5096913287191667,-2.7237746879032403,1.0
3.848870379792478,-3.835296204056063,1.0
3.142229210529027,-1.7122438471146038,1.0
4.2732641013866495,-3.680025889941234,1.0
4.016705922227412,-2.118841424193485,1.0
3.4652160451467386,-2.4021988745231098,1.0
4.074768049771934,-2.7357245042733163,1.0
4.027752017991533,-3.014242035114208,1.0
3.719074896216675,-1.8608144958601112,1.0
3.069431892662537,-1.8238417261330966,1.0
4.074660676648094,-2.980303323550501,1.0
3.930303376896471,-3.7167359651938865,1.0
4.1537260358344685,-2.6519292937501473,1.0
3.9301465887441522,-3.8909977594740126,1.0
4.209389521859138,-3.2952905705893825,1.0
3.9636536354252603,-3.4427429457858105,1.0
3.972834816214392,-3.9818284694065857,1.0
4.225405077237864,-2.291783859793594,1.0
3.786467927502272,-3.8413931281535296,1.0
3.1630992178864688,-2.8981706076614504,1.0
2.2937133297136243,-1.3196445327541886,1.0
4.140999987721353,-3.870681465060243,1.0
4.029744659458508,-4.056880164411655,1.0
4.101398864648775,-2.420814060559819,1.0
3.4250390780458924,-2.3136904331231767,1.0
3.1729553452317156,-3.31857809771469,1.0
1.908550941865241,-2.076147207333371,1.0
3.7069835628947754,-3.6328469896821303,1.0
4.001328443135237,-2.864999919291688,1.0
3.770488860437434,-2.234109318371267,1.0
3.8322197748700835,-3.0144900013304095,1.0
4.2428804122538155,-2.923411871937451,1.0
3.7032084853043408,-2.1886087446340436,1.0
3.9233925080026566,-3.7593215272897886,1.0
4.161967522719486,-4.142146253161355,1.0
3.77665411339084,-2.79331813336009,1.0
4.03136292366651,-2.104748137679421,1.0
4.2161083452722306,-4.236700715742394,1.0
4.270571537102551,-3.232088426626732,1.0
3.2156791572949515,-1.9951187976398286,1.0
4.256741547907902,-2.3309946616843686,1.0
3.8987936883128738,-3.562640635514696,1.0
3.534073907938691,-2.486081183270931,1.0
3.859555319917697,-2.4064260606847405,1.0
4.2884630609472065,-2.3330797511762085,1.0
3.89937017421245,-2.6063290515869184,1.0
3.6706095280463384,-3.37705517412422,1.0
4.0415583936642,-3.8160714357493117,1.0
3.492977492879094,-3.637952052509268,1.0
2.841363155729734,-1.6601968360223487,1.0
3.1410033284688836,-1.4390705627864333,1.0
3.1373326131341335,-2.2699191135954706,1.0
3.233949750948079,-3.1469783843440733,1.0
3.183047935297912,-2.1572200483470723,1.0
4.04819390920893,-2.1079369904500234,1.0
3.3358068473167837,-1.725969754455122,1.0
3.6989891522151845,-1.87072205378818,1.0
4.238250401285485,-4.219527893858624,1.0
3.877531774069728,-2.2694776014616487,1.0
4.071268322179584,-4.125133275880319,1.0
3.3052701319507913,-1.879503410688781,1.0
3.3672810479781448,-2.3998599884331258,1.0
2.4917531195373006,-0.9244191847458706,1.0
3.294050915959101,-2.2989104283574227,1.0
3.576966756911461,-3.116858498468639,1.0
3.320458652458922,-3.173319655524451,1.0
2.929760131785597,-2.24540139498598,1.0
3.1036235444111573,-3.2388500177971125,1.0
3.861575857196096,-3.3958951858001503,1.0
3.40715061971755,-2.9797503904363514,1.0
3.7286382760788332,-1.8926456994678338,1.0
3.9116363650887775,-3.0067340242440963,1.0
4.090295988874672,-3.049614826233541,1.0
2.469814671512215,-2.87983529466841,1.0
4.173228943472243,-4.177516320592377,1.0
4.0366247327380265,-2.401561853941507,1.0
2.883675315078113,-1.2441763939867503,1.0
4.223417415589774,-2.339455592211893,1.0
4.253241640603988,-2.55390916856906,1.0
2.7188183901992757,-3.050402641113915,1.0
3.5734788606784096,-2.1275006118346607,1.0
4.178013939100188,-3.914931875117917,1.0
4.135824448428633,-2.763366018691094,1.0
3.343959713985731,-2.5807215683779114,1.0
3.4153566987150348,-3.207005826540918,1.0
3.7381878822442287,-1.952187293165414,1.0
3.889997763366554,-2.9026500326102718,1.0
4.027867796898536,-2.7672140315084204,1.0
3.7358034345313924,-3.795208151535866,1.0
3.863727332648602,-2.890414606258832,1.0
4.135227854761494,-2.266072330089582,1.0
2.4307111968054325,-2.222726711633789,1.0
3.5212095198937625,-3.3649023945818817,1.0
4.1087977404362475,-2.251632383233045,1.0
4.2372519003827716,-2.2929177861972545,1.0
3.9208423380962905,-2.28211035400368,1.0
3.9429945749879516,-3.7747894201851,1.0
3.0367065195829213,-1.6381846341392325,1.0
3.8449248242911693,-3.841553727550926,1.0
3.943529855957995,-3.9881425488426023,1.0
3.4984267011694596,-2.334133270547791,1.0
3.5576643309741853,-2.9529776059528747,1.0
3.7484939446315484,-2.080659739645745,1.0
2.0902090144579315,-2.429819276489915,1.0
3.659011456132354,-3.789178495782953,1.0
3.4209982016029903,-3.0437827262780535,1.0
3.668447441617983,-2.8561581487296785,1.0
3.0995130628999683,-1.7204623605303278,1.0
4.234287171227205,-4.227114291574929,1.0
4.004841158005308,-2.1181610299616818,1.0
4.0809671439894215,-2.6517127820604034,1.0
4.165936822089421,-2.915372212016992,1.0
3.906018475658991,-3.4965131216788303,1.0
2.918284550594053,-2.6540734770717025,1.0
3.948277596138143,-2.0447425097861043,1.0
3.9983706780809047,-2.7373085376227904,1.0
4.133688399896505,-3.3904010941814664,1.0
3.8246502654643533,-3.7823626121882525,1.0
3.1352729358574636,-3.118689111649075,1.0
3.587397913809374,-3.2902867196005223,1.0
3.7267912474856937,-3.728702672275856,1.0
4.052627199228345,-3.8917317758061687,1.0
3.982671873900353,-3.4185679549312846,1.0
3.7158027440490096,-3.486939839141127,1.0
4.292192551711676,-2.301361554699495,1.0
4.016332707072782,-2.5994662753287825,1.0
3.486061000620209,-3.66512855925745,1.0
3.0075316614253724,-3.162068931457646,1.0
3.2374993481932828,-2.966876788110244,1.0
3.5065031055279774,-3.0175234422427843,1.0
3.2657227348922344,-1.9703689545345315,1.0
3.3501961640715217,-3.37754440864518,1.0
3.590021300705337,-2.6933542518887035,1.0
3.308717851056344,-2.2292210546902216,1.0
4.238235902501817,-4.206582627227998,1.0
2.873028470414454,-3.14897519477144,1.0
3.9348550454696274,-2.045261592416285,1.0
3.7960783879109607,-3.538275698515231,1.0
4.289815582477766,-3.5957086459007703,1.0
3.0618186217387575,-2.7920749834587166,1.0
3.7785236410171965,-3.48371431388416,1.0
4.2823334843780225,-4.123340983459883,1.0
4.218166540175343,-4.238252517680302,1.0
4.1855904567818305,-2.3526469116287334,1.0
3.533325339784729,-1.9217407529498332,1.0
3.3005498410008047,-3.37275894187054,1.0
4.072187371063862,-2.5850033184646173,1.0
4.25844126773686,-2.783678461676395,1.0
3.968608882945162,-2.922552878485446,1.0
3.9834981669221974,-2.094780624046214,1.0
3.579779252894742,-2.0709020305970323,1.0
4.15165279174146,-2.2554511524178276,1.0
3.3516394504107065,-3.5225333146331774,1.0
3.6618144567123974,-1.8442926559143733,1.0
3.816436255578805,-3.834101632617843,1.0
3.9163283104121263,-3.8665598293483,1.0
3.4982849279112234,-2.2231228227329938,1.0
3.0757661958052083,-3.2719449307437785,1.0
4.020839070403122,-3.7831489415916506,1.0
3.59699209953481,-2.010151023465569,1.0
3.992944090386222,-2.0737135587218605,1.0
3.243034835185395,-1.8949996576520058,1.0
3.8860346307658715,-2.4470153487887165,1.0
3.943500294907249,-4.002080053823093,1.0
2.625951838588412,-3.013551541399969,1.0
3.6839612883182515,-2.2662532695289594,1.0
3.1647822362168374,-2.1248049786544048,1.0
2.7396862874420145,-1.7222487963579185,1.0
4.294164495831728,-2.5435887854735912,1.0
3.6594936274196597,-3.541805479409637,1.0
4.180585359829141,-2.936086066522468,1.0
3.5261255847202935,-1.793051929048155,1.0
4.082963054388875,-2.2189554943195464,1.0
4.144800528806581,-2.1832883656456725,1.0
4.006787793258827,-3.8695008261403006,1.0
3.8746776876294438,-2.2277160151983786,1.0
3.798065233139111,-2.115711214312087,1.0
3.704202898259229,-1.9107110403267704,1.0
4.258534479632892,-2.5427491485855684,1.0
4.1948925753586845,-4.018476849801512,1.0
4.2797347734044,-2.849374178248463,1.0
3.1205306595907985,-3.275043555412469,1.0
4.122521115831262,-3.7696781244660165,1.0
4.263871445607931,-3.6761524905160234,1.0
3.333791379724001,-2.860557533489655,1.0
2.766862675212813,-1.7056233071097535,1.0
4.130401582821692,-2.326094891295293,1.0
3.9863217245432607,-2.3884950347893654,1.0
4.202475372511621,-2.250424089597499,1.0
3.1868851079618037,-3.446163631552548,1.0
4.170289634181296,-2.5871828226682556,1.0
3.3941008389124634,-2.2532239472752313,1.0
3.2760962491754406,-1.7311791392303235,1.0
3.2781997607724636,-2.8300550158030884,1.0
4.183858857016335,-3.4614931869237737,1.0
4.069264564244849,-3.160550327013504,1.0
3.9332935128075324,-4.01920851502471,1.0
3.7201284805142465,-2.727478103042297,1.0
4.225757886850937,-3.0787596650110642,1.0
3.7707787270008186,-1.9931780562847963,1.0
4.185263152455739,-2.2963065612796463,1.0
3.834362022244059,-2.6955183640518268,1.0
3.7479843809455846,-1.8778259261536814,1.0
3.8639047137170954,-3.1789668670321127,1.0
3.621436257145131,-1.8443579248789996,1.0
4.135332614604007,-2.1865625625551965,1.0
3.910852794031753,-2.018688431277381,1.0
3.4739784815303656,-1.7680876850432463,1.0
4.240005126282334,-3.8175600789638007,1.0
3.75831363201822,-2.613389084500166,1.0
3.9550261131846955,-2.0491119773814885,1.0
4.2443259205178805,-4.226147374932462,1.0
4.0333157107832225,-3.362654132815582,1.0
3.0858257004108625,-2.2054778381753306,1.0
4.264769977929163,-2.731977475959048,1.0
4.036451434907788,-2.721323559783963,1.0
3.6810996706192545,-3.5787871766691404,1.0
3.1848573047134163,-3.009066620007834,1.0
4.169405427487946,-3.2049802649493304,1.0
4.029528684625404,-3.828171288555737,1.0
3.9444253099828606,-2.64045465990353,1.0
4.236420823396127,-4.2260852116964465,1.0
4.165525215568833,-2.2071316734169155,1.0
3.2331009853783144,-2.7496646848857846,1.0
3.6405240689443525,-2.7018019077653856,1.0
3.512294451097002,-1.919958053918531,1.0
4.132554181126221,-2.8071729469120723,1.0
2.379979916168468,-2.2005709568702962,1.0
3.981790542679504,-3.8956200208734626,1.0
4.146458005221904,-3.4807861932076785,1.0
4.225477364223933,-2.3835950506420938,1.0
3.6930914189172594,-2.0318590559627228,1.0
4.188480559936828,-4.083097421799782,1.0
3.0546717939639754,-2.2155776876736586,1.0
4.205573671247802,-4.150279711445017,1.0
3.13486660496126,-3.234478540156888,1.0
3.7777150948407576,-3.8825309665350307,1.0
4.171730343411134,-2.952606275878629,1.0
3.2265100865211096,-2.579062689321977,1.0
3.466719482379702,-1.6657050437100875,1.0
4.11581386262994,-2.33422761898695,1.0
4.114075604316927,-2.844621761234452,1.0
4.048434719755994,-2.261462072439631,1.0
4.093200123027975,-2.350208334045094,1.0
3.9541633547517057,-2.961343725403799,1.0
3.519778507639304,-2.1771759546935012,1.0
3.699036129423431,-1.8865311409587915,1.0
3.3349281526464654,-2.1494464394107977,1.0
4.245559206193427,-2.77896701985167,1.0
3.9950360596670578,-3.339919563821794,1.0
3.7827668650145654,-3.696104873964047,1.0
3.8630801433069224,-2.0597478054560727,1.0
4.269237105272246,-4.259215568170339,1.0
3.2393176118132843,-2.0231193668946688,1.0
3.9977811512170582,-3.842277274337455,1.0
3.914406493295187,-2.0323442687615367,1.0
4.021611313215298,-3.733927077943077,1.0
2.0322002319900605,-1.3710329228095084,1.0
4.222474650795607,-4.021265669416208,1.0
4.260107937671722,-3.5582623008709273,1.0
3.9770495673473083,-2.265356907630129,1.0
4.095398661414496,-3.1084213468141964,1.0
4.254240182783577,-3.89414654528344,1.0
4.103931056410744,-2.446653560716734,1.0
3.2363138727946414,-3.3941862590862915,1.0
3.9881062939429834,-4.002621719260869,1.0
4.017209989221156,-2.3979108559592532,1.0
3.8146975032051897,-1.9325093215242386,1.0
4.126820957924354,-4.049507141741706,1.0
4.261470983739299,-4.14573662470817,1.0
4.256119044928079,-4.001581052951481,1.0
3.849240917226252,-3.9504192822011124,1.0
3.067838479447597,-1.4229000453041973,1.0
4.291231820924998,-4.289917734543421,1.0
4.2005026418360485,-2.245037199864203,1.0
3.122190835218292,-2.7339105616802133,1.0
4.253222893705658,-2.5123479582863477,1.0
4.221027981163117,-2.4363765603782253,1.0
3.9287033970293925,-2.474648161898613,1.0
4.00262885936507,-2.8566647203302393,1.0
3.7801521427108993,-1.9071320307254993,1.0
2.657118696075681,-2.983320272971219,1.0
3.6815919842655727,-3.0922065581028177,1.0
4.175660045749935,-4.13699520564532,1.0
1.265385940236992,-1.969570216354108,1.0
3.6787193324948038,-2.324300963524889,1.0
3.778968594956082,-2.897297308259114,1.0
3.948581938492713,-2.1153331638717088,1.0
4.2526167039575435,-2.953273005013966,1.0
3.7000986547038246,-2.876747271980804,1.0
3.7010894280928923,-3.790492854954223,1.0
4.127632273317994,-3.11782734929491,1.0
3.850967892041941,-1.9975971111443154,1.0
3.455138262618562,-3.651746536102939,1.0
3.8512449747858626,-1.9686213465977918,1.0
3.1912565204705636,-1.8628888530146908,1.0
3.318463071051787,-2.0055777096711713,1.0
3.90593400803965,-3.6195555060181785,1.0
3.8077126518514945,-3.547753948275453,1.0
4.2495275080718535,-2.9885209415169363,1.0
3.7257178102432853,-3.515452748625766,1.0
3.9923112866648154,-2.675351773834091,1.0
4.040542467357836,-3.176179257138584,1.0
1.8493464876154901,-1.015706686916067,1.0
4.067851316806588,-2.910041769936314,1.0
3.3237256019881496,-2.9563245416934887,1.0
4.277410743742305,-2.411127508496243,1.0
3.221757212009423,-2.9789617846858816,1.0
3.8018749344599976,-1.9214280312604894,1.0
2.907974946866577,-1.8192342912088237,1.0
4.298101530259972,-3.6966994980884023,1.0
3.910261339899812,-2.3569811858933596,1.0
4.006546789476321,-4.065075102982232,1.0
2.771773624868836,-2.7936975627779983,1.0
4.137108741432309,-3.339881408061633,1.0
3.416857504074094,-2.1546496676591422,1.0
4.239048326651034,-2.6112102728400934,1.0
3.4038681023095814,-2.9849436974775885,1.0
3.3625516119787675,-2.82607174841547,1.0
2.428650958661582,-2.455040637754652,1.0
3.8752660335629834,-3.1127105307870506,1.0
3.976757171560944,-2.735348309745854,1.0
2.7601271620922234,-1.2125904299808465,1.0
4.156071697574207,-2.5451119162052884,1.0
3.8523058035068742,-3.2365343897736074,1.0
3.934724410043018,-2.126366164065124,1.0
3.8364549328029054,-3.301911167543112,1.0
3.7826421737064746,-3.7909825740378533,1.0
3.971524747910315,-2.4413186942406178,1.0
3.2462406505464,-3.3914197503454124,1.0
3.3359562253213113,-1.6771368456166285,1.0
4.215729017960001,-3.6455559352078306,1.0
4.268539270327442,-2.7346007026862083,1.0
3.7425031805091256,-2.3478533454110853,1.0
3.5608096571633157,-2.3790720657990048,1.0
4.050945278185265,-2.1100950254742608,1.0
3.7937821493642736,-2.1563472483251354,1.0
2.22281354156427,-0.8837849669901733,1.0
3.2495545225677396,-2.6922774414299866,1.0
4.11087360809185,-2.326884699620778,1.0
4.063904651473475,-3.136002579280411,1.0
2.2596126559100767,-2.3701677942609836,1.0
3.4484697834346103,-3.1384016121261147,1.0
3.4712001726975696,-3.581030126851064,1.0
4.0749297666387125,-2.419792496608356,1.0
2.0799771176190607,-1.8434322445141047,1.0
3.0203084182625446,-1.7465259467999261,1.0
4.173586658734112,-3.9139246739103277,1.0
3.325339212824785,-1.9876538365188368,1.0
4.058576186103313,-2.9218294484703202,1.0
3.4883356515724793,-2.2069809199148533,1.0
2.994374538113709,-2.7941910877701255,1.0
3.500061100165537,-3.551433584426554,1.0
4.115825111945096,-2.318366309211413,1.0
4.211717935353429,-3.9577554911555612,1.0
4.194620411514851,-3.344892095649366,1.0
3.77756734680905,-3.82281951291244,1.0
4.071715042887368,-3.6436145224299676,1.0
3.403439655519475,-2.6830281346388083,1.0
3.6057755284866855,-3.211324580836377,1.0
4.237964844750457,-3.6460459733526775,1.0
1.845350005649285,-0.8512230056503867,1.0
2.909026309979944,-2.1251943634140655,1.0
3.411390254575959,-2.2209667314993355,1.0
2.2477399321794893,-2.6956588212714343,1.0
3.3344225327980785,-2.4612354556398843,1.0
3.9946963708010803,-3.895485363365568,1.0
3.8110769434427305,-2.3523641603462124,1.0
4.235647702087993,-2.653511893036306,1.0
4.185847586822829,-2.9240953820603677,1.0
3.692654076650773,-2.4416565687724416,1.0
3.536650327159477,-3.5633445942805375,1.0
3.75209295207322,-2.1972350411344657,1.0
4.001690068707559,-2.2513118570341533,1.0
3.5551809175898064,-3.2596046982580296,1.0
4.033234976881059,-3.529205708268976,1.0
3.794718921339455,-3.3904313541116595,1.0
3.9637974549962527,-3.1733131016155802,1.0
3.830473654618664,-2.445975226493708,1.0
3.608312879402825,-2.816650053362647,1.0
4.269935326893348,-2.458510364865196,1.0
4.147308405937089,-2.2713061839487896,1.0
3.1882622650634804,-3.2056167402320774,1.0
4.2200983720858005,-4.178598795618751,1.0
3.8933827538398926,-2.465541208067739,1.0
4.236838105843669,-3.274654131513356,1.0
4.173543640847736,-3.9941214031500767,1.0
3.8161397757955178,-3.5613125866493807,1.0
2.1539070034492416,-1.1595290766745392,1.0
3.5564743513066794,-3.70718821279208,1.0
3.953025923491513,-3.894921316181799,1.0
4.041627480985949,-3.6996037848398498,1.0
3.5332921323772455,-1.9035462823869824,1.0
3.1851982825585963,-3.139457478033212,1.0
4.197820760412331,-3.102490582028119,1.0
4.290979599745506,-3.8572958224353555,1.0
3.9361248709142607,-3.557239999677864,1.0
3.3031638606907103,-3.0695712853367647,1.0
3.564064746232335,-3.106048933406051,1.0
2.040871031879974,-0.8842699821812626,1.0
4.249189123175659,-2.2819066317445458,1.0
3.0899370919750133,-3.371735408284099,1.0
3.9883301564994413,-4.055726122329707,1.0
3.567683646535275,-2.714045960046626,1.0
3.9659765955898516,-3.8802707835759027,1.0
4.057426164855059,-3.747947430052175,1.0
4.194294590277966,-2.481314792885062,1.0
3.407390555856226,-2.812118384642258,1.0
1.7509435844610988,-2.3392696581927357,1.0
3.1750834067256495,-3.2957416427222093,1.0
4.240284298359834,-4.2516473341125245,1.0
4.223619056806779,-2.7599558574348135,1.0
4.008470339983802,-2.589542189366412,1.0
4.011401513914576,-2.5269361274458313,1.0
4.0691280243230175,-3.473954223351042,1.0
3.315197022197049,-2.0331526332948924,1.0
4.2492591179114285,-2.3513523028369185,1.0
3.8075034321576307,-3.2797338215863725,1.0
3.7572035126737555,-1.9063616987226286,1.0
3.928790224897564,-2.6149241695817107,1.0
2.5703308208298705,-0.997474791879568,1.0
3.2851035440695893,-1.5856379307967283,1.0
4.128040455197748,-2.270904548117848,1.0
2.890819051529127,-2.9049040810456654,1.0
4.0138783634296455,-2.0818540693115395,1.0
3.5051018261615505,-1.9166080669103973,1.0
3.7662210329290806,-1.9964838768722242,1.0
3.5971159019874475,-1.9330608950307258,1.0
3.715128843784939,-2.691942474700793,1.0
4.11329682089365,-2.412307059698324,1.0
3.613391570951244,-3.625121954644205,1.0
3.9783207697759706,-3.3577922675940526,1.0
3.8800191145052545,-3.9474643566095424,1.0
4.067965363589113,-3.17603651195311,1.0
4.2629599807872465,-2.9826965760135273,1.0
4.123838899820634,-2.7930781237065307,1.0
3.430263157396156,-3.5386340411628505,1.0
2.3389529174425725,-0.8628276917542632,1.0
3.542809789284123,-3.718857097483551,1.0
4.006254960138342,-3.9684235163625567,1.0
2.6215977640588863,-2.7603988466001805,1.0
3.9036576975376778,-1.9976374256719154,1.0
4.007930140163069,-2.080038928802498,1.0
3.6799809818673133,-3.647708221293552,1.0
4.152695163349723,-3.968950345471061,1.0
3.0336712312965712,-1.3870285871008727,1.0
2.835930386531227,-1.2675230234361812,1.0
4.120444069132231,-2.8902931549668502,1.0
3.9026597648922445,-3.13503604979309,1.0
4.088661159750702,-2.4554703805786957,1.0
3.8287861360373867,-3.8121339340876874,1.0
3.5075238824246755,-3.6319005095884984,1.0
4.186994282899567,-3.331944113701254,1.0
4.173232821199664,-4.179957214270327,1.0
4.093809540480704,-2.4750138396626995,1.0
3.563727767212051,-3.3826004499094946,1.0
4.0016284724029285,-2.331260991726661,1.0
3.723497105749147,-2.0084403693375177,1.0
2.947822756924171,-1.7590920643489354,1.0
4.251051285549593,-2.2650449061779807,1.0
3.1748065535554084,-3.3564070777172073,1.0
4.270998367140649,-4.262006436869709,1.0
3.8431437332783243,-1.9609448223436745,1.0
1.1463521743935585,1034.779771087172,2.0
1.4143531989926972,2541.326946866381,2.0
1.305937843119029,1970.2773165642902,2.0
1.243965189208912,1621.77265563896,2.0
1.058556841743465,458.5973993265848,2.0
1.0585475319983504,458.5332682339416,2.0
1.0214232137485073,194.89358019030053,2.0
1.3714212441656044,2320.6820135096614,2.0
1.2450799217582929,1628.1969786898605,2.0
1.2945965625188238,1907.7792252596703,2.0
1.0075522262333354,87.87157458248782,2.0
1.424287226994402,2591.4167644800464,2.0
1.3546559780482639,2232.6138469288853,2.0
1.0805199443181874,607.8580420216347,2.0
1.0685644789622681,527.0983106789571,2.0
1.0691800858356018,531.2844711609874,2.0
1.1173418585853905,850.1022691278662,2.0
1.2108922491050071,1428.4248693363397,2.0
1.1705996435386812,1185.3367990467334,2.0
1.1120527401209144,815.8677937342262,2.0
1.2499643380506993,1656.2769566198665,2.0
1.0521978474555125,414.60548418701205,2.0
1.1124240243297434,818.2768672154083,2.0
1.1429388408667398,1013.3142328286275,2.0
1.1809423200227098,1248.55851822974,2.0
1.3315090511818872,2109.1888588582833,2.0
1.0755415060394211,574.3641751542362,2.0
1.2062554638659606,1400.8827272423873,2.0
1.241136291451783,1605.4428370966893,2.0
1.0170997637650996,162.59457199456133,2.0
1.248002410885942,1645.0116045406658,2.0
1.064170444763055,497.1274111319896,2.0
1.0240216423843251,214.05091042996435,2.0
1.4134104018069096,2536.55467181007,2.0
1.4220673565329653,2580.2543264228498,2.0
1.3428309293895704,2169.8295706221998,2.0
1.1174932325718618,851.0794148917136,2.0
1.0362743393912572,302.59686981782136,2.0
1.28339205832665,1845.4844315655262,2.0
1.1741080852838042,1206.84831847432,2.0
1.04552213261154,367.9936848457032,2.0
1.1979024323837373,1350.9882351556334,2.0
1.012636314549084,128.47259589649994,2.0
1.3931663078686174,2433.298650774275,2.0
1.0989727196881005,730.4175818218798,2.0
1.2732724791112662,1788.7426983831326,2.0
1.120388887829397,869.7433509527002,2.0
1.2088239837219488,1416.1530532099935,2.0
1.2206242435669568,1485.8790442816878,2.0
1.0697454961149813,535.1265684236569,2.0
1.424118338039582,2590.5681380784195,2.0
1.3266420112464672,2082.9595774555105,2.0
1.4085811516495816,2512.0592864570576,2.0
1.3858235012837685,2395.47079499804,2.0
1.2436211934072672,1619.7889773470997,2.0
1.399558060613682,2466.063121503531,2.0
1.032811608400241,277.8235363294799,2.0
1.0740950145830201,564.5966559419837,2.0
1.016646257350183,159.1693773131086,2.0
1.1259664859184075,905.5450128307797,2.0
1.152276605996601,1071.875397249248,2.0
1.1040208578902753,763.5317310272048,2.0
1.3528270962688012,2222.939948959797,2.0
1.1389415561483318,988.0888650490454,2.0
1.107886276412667,788.7720536201896,2.0
1.218838952253553,1475.3748624597395,2.0
1.0527467606070464,418.41806806099436,2.0
1.3397984753840104,2153.638590383221,2.0
1.027574583157059,240.000248389107,2.0
1.433131291103839,2635.714610451552,2.0
1.325245717741641,2075.416672415223,2.0
1.0751658341135646,571.8289983068697,2.0
1.002033798826071,36.666815520369,2.0
1.346294170285267,2188.2753000860107,2.0
1.2940230479846364,1904.6039729690483,2.0
1.3045163830199367,1962.4744798243605,2.0
1.3247749432603928,2072.8716851152262,2.0
1.0273850159568607,238.622121914986,2.0
1.139652915457092,992.5849350812099,2.0
1.043172941888198,351.47759413622316,2.0
1.369885577774352,2312.6606485145758,2.0
1.2551916094056872,1686.203562496465,2.0
1.1282546546148622,920.1763863063932,2.0
1.0234642415545883,209.9551943202867,2.0
1.120091215429779,867.8271537656531,2.0
1.1259061323058919,905.1586516739196,2.0
1.3048013388556423,1964.0393845554104,2.0
1.2617347371019996,1723.4840873151509,2.0
1.3819811328951586,2375.5951857278637,2.0
1.1879148499594778,1290.8532805934376,2.0
1.0445908419074792,361.4535954757651,2.0
1.297040366892905,1921.2932510271628,2.0
1.319719732648189,2045.4853509476582,2.0
1.2271247898420048,1523.9930383091182,2.0
1.3246285079055642,2072.0798742632014,2.0
1.1972992471273907,1347.3713019914703,2.0
1.2099991148625433,1423.1282236853149,2.0
1.1687213936292595,1173.792699505522,2.0
1.0093299332218453,102.37761642610998,2.0
1.0401429243084268,330.0807949434304,2.0
1.01154422135397,119.95209608299763,2.0
1.2612071311176358,1720.4853144285387,2.0
1.121469910003548,876.6974814179327,2.0
1.2037669440938012,1386.0558402529439,2.0
1.392275626845873,2428.720904156438,2.0
1.0951774245015744,705.4070845162693,2.0
1.161432383597579,1128.8070993329732,2.0
1.3172035629555443,2031.8143581543898,2.0
1.0870240533813653,651.3361211748047,2.0
1.0284851820328924,246.61083534387922,2.0
1.1114537257693633,811.9792076150254,2.0
1.0605668452969121,472.42529152600196,2.0
1.403556157388785,2486.4807309816715,2.0
1.342695324244441,2169.106335995477,2.0
1.2598252259414182,1712.6248389272032,2.0
1.3740663008445315,2334.47683643978,2.0
1.3405192888768396,2157.4905491580416,2.0
1.0704148865459175,539.6718811389201,2.0
1.384677763935962,2389.5500249064385,2.0
1.21734935245096,1466.5982844372822,2.0
1.3423623411946317,2167.330094226659,2.0
1.3864623294024803,2398.769884539821,2.0
1.1229624202828092,886.2866082632411,2.0
1.0409626417361533,335.8801312955296,2.0
1.0866820507821373,649.0576662509092,2.0
1.1685367895694942,1172.6570324742338,2.0
1.3475481677725152,2194.9424054432784,2.0
1.368700868831236,2306.4662401862915,2.0
1.00255641399429,42.48630601063368,2.0
1.2047226889421714,1391.7540338059696,2.0
1.1644125019946834,1147.2353972966944,2.0
1.0843755227346483,633.6690968449637,2.0
1.0446941127625038,362.17930005130444,2.0
1.131021406486289,937.8249538385262,2.0
1.41033402168372,2520.960162644352,2.0
1.125093409551868,899.9537038037041,2.0
1.2082610789227042,1412.809357934917,2.0
1.2922132380695237,1894.5745805548402,2.0
1.1418007630200442,1006.1419025051084,2.0
1.4252598654952378,2596.3020614002994,2.0
1.4204169609157409,2571.9440303272113,2.0
1.096172231728861,711.9723546220661,2.0
1.1988076162387626,1356.4125193540879,2.0
1.1159721965891023,841.2542084491471,2.0
1.1094652734760024,799.0541151083795,2.0
1.013559234776941,135.61251595843402,2.0
1.2489217201478626,1650.2925230358478,2.0
1.2011837289816487,1370.6310782116695,2.0
1.0189662833619502,176.61224285136447,2.0
1.106962376380523,782.7482109865866,2.0
1.3926307344765023,2430.5463713563367,2.0
1.0912987035351673,679.7432553619276,2.0
1.0542720278008364,428.9967773065721,2.0
1.1954048167909799,1335.9992308880073,2.0
1.4324853062246932,2632.4883832877163,2.0
1.0922913074710414,686.3209611571564,2.0
1.277743429530828,1813.8684563325166,2.0
1.3201213894721344,2047.6652019355517,2.0
1.0905332463602304,674.6660197770581,2.0
1.3041402767653005,1960.4084673185678,2.0
1.1435313081269964,1017.0450177780256,2.0
1.2593209796532467,1709.754414652314,2.0
1.2598830860709604,1712.9541327259165,2.0
1.215766829146881,1457.2620466137034,2.0
1.033488661240833,282.68107439658155,2.0
1.3560693151377121,2240.0806481176037,2.0
1.124099898635644,893.5853482705465,2.0
1.0703947673659386,539.5353201866783,2.0
1.0149972095828033,146.64210446413153,2.0
1.2404478720043055,1601.463149418623,2.0
1.2802752031146383,1828.0566722186295,2.0
1.0060850061992503,75.50014060169272,2.0
1.2053139866332492,1395.2770303452362,2.0
1.086111870082474,645.2571778221192,2.0
1.2652431085182998,1743.3921568386268,2.0
1.0656623925503006,507.32184249117773,2.0
1.2865334111587758,1863.0055143652457,2.0
1.1514609897610026,1066.7805217770208,2.0
1.407159724811924,2504.8332156381534,2.0
1.051441195401473,409.3451568952297,2.0
1.1324455638372442,946.8911255676277,2.0
1.042262156463161,345.0573903897022,2.0
1.4009975702853117,2473.421243501332,2.0
1.377014830523441,2349.8227066107415,2.0
1.0986368318979998,728.2081234164509,2.0
1.2720946044095038,1782.1082968984115,2.0
1.3471587971942578,2192.8729200446483,2.0
1.2244089799871163,1508.0950914491693,2.0
1.2130550490417553,1441.234412727237,2.0
1.0922104680373184,685.7855214578341,2.0
1.0345492429834653,290.2766026844152,2.0
1.3870309029620274,2401.70486595524,2.0
1.3886513988016773,2410.06320351563,2.0
1.259686368321405,1711.8345087021962,2.0
1.1316049440544076,941.5412431251619,2.0
1.1358130429576645,968.2794926591263,2.0
1.303065721519346,1954.502417005454,2.0
1.3869775487986038,2401.4295030941425,2.0
1.3819174819694486,2375.265464656187,2.0
1.3289381775072984,2095.3461553301136,2.0
1.2637948053544001,1735.1806922993737,2.0
1.0311737916352377,266.04376186332604,2.0
1.0607244126512043,473.5077614060042,2.0
1.3877079740426506,2405.198324652858,2.0
1.247494769851719,1642.0937792763298,2.0
1.0033773966055044,50.881238883992935,2.0
1.037710953824814,312.825807820035,2.0
1.2737273026038902,1791.3028217853305,2.0
1.0018655495418276,34.67584416377828,2.0
1.0604070552934959,471.3273280638775,2.0
1.221525179436822,1491.1738927984431,2.0
1.2869826358667005,1865.5075238854376,2.0
1.2683787740340076,1761.1375826727249,2.0
1.0852304953341363,639.3777925737731,2.0
1.2965365233102515,1918.5091644439601,2.0
1.090378793184458,673.6410353831977,2.0
1.1259949654373385,905.7273201692267,2.0
1.3128594862104224,2008.1492534508238,2.0
1.2673024051341086,1755.0512357762861,2.0
1.362970102653298,2276.4252691074557,2.0
1.270995250067942,1775.9104951899867,2.0
1.2302749601801313,1542.388306227266,2.0
1.0347650367045846,291.82004779449903,2.0
1.1435032346988205,1016.8682852561222,2.0
1.101549267635539,747.3404454749209,2.0
1.0930619942578024,691.4232905775222,2.0
1.425898427245518,2599.5075511587465,2.0
1.1541353436526691,1083.4719815025217,2.0
1.3844190616442575,2388.212455710169,2.0
1.2587851369566916,1706.7028373550186,2.0
1.3361952497657448,2134.3517000914335,2.0
1.2011653645046327,1370.521297982874,2.0
1.2341367560047873,1564.873010147087,2.0
1.1967414894349973,1344.0250842102137,2.0
1.073805287861319,562.6382894326191,2.0
1.3014021355270842,1945.3491021850716,2.0
1.1078207768766617,788.3451812978514,2.0
1.0089240222963414,99.10217017009518,2.0
1.2653812896656285,1744.1751017474066,2.0
1.066729251433057,514.6001616986454,2.0
1.4090741140116394,2514.5636249161585,2.0
1.4160117969837875,2549.71468274554,2.0
1.3959854085624315,2447.768216861568,2.0
1.1445222538021833,1023.2804096374491,2.0
1.0056701137117785,71.9113437600434,2.0
1.4028505559806559,2482.881620458864,2.0
1.1689954923179313,1175.478580906883,2.0
1.4225977915832135,2582.9231758499454,2.0
1.4210244455775098,2575.0040536834777,2.0
1.364852963402885,2286.309416131864,2.0
1.1133590585264177,824.3398673700166,2.0
1.1507736390318786,1062.4838939060242,2.0
1.3639212731043866,2281.4202016852273,2.0
1.1225196889066118,883.4435914830111,2.0
1.0637703219829209,494.3901683204328,2.0
1.225123709764775,1512.2825354915556,2.0
1.4068646215318314,2503.332081672544,2.0
1.288924325398211,1876.3117531623077,2.0
1.2310613933551515,1546.9730770391507,2.0
1.0360870855076778,301.2615429906861,2.0
1.2514028090065952,1664.5251134636103,2.0
1.434787134472206,2643.977647841299,2.0
1.0524242890596298,416.17863569788466,2.0
1.2080580103730607,1411.6027200044516,2.0
1.3770317605032327,2349.910724003641,2.0
1.3101228370703308,1993.199953819082,2.0
1.2893877767755715,1878.888102105502,2.0
1.2919612439755024,1893.1769735650482,2.0
1.1400791052225847,995.2771769098715,2.0
1.1130111871160395,822.0848417087925,2.0
1.343302920902978,2172.346305907707,2.0
1.3436714194529227,2174.310576234779,2.0
1.3718694524638624,2323.0214594374193,2.0
1.395159101955139,2443.530106887852,2.0
1.2049841263612018,1393.3119188552705,2.0
1.200674583356482,1367.5868324453634,2.0
1.3378937073853387,2143.4495587618057,2.0
1.2674553808149878,1755.9165617067824,2.0
1.2917176205735583,1891.825527756214,2.0
1.336673466632223,2136.9144755019774,2.0
1.3833890534835545,2382.8844916187463,2.0
1.1311781227890372,938.8232138390435,2.0
1.1467881498361208,1037.5165799776298,2.0
1.0348809395269734,292.6487577212348,2.0
1.2347562226153843,1568.4730171921633,2.0
1.013210172915288,132.91813361236728,2.0
1.1850522356256366,1273.5203697110978,2.0
1.2188160877985814,1475.240231040694,2.0
1.1101535090886165,803.530623627056,2.0
1.2404208779592678,1601.3070531612018,2.0
1.0112016561072035,117.26140998701794,2.0
1.013729709593931,136.92585506966276,2.0
1.34980328099676,2206.91630368876,2.0
1.1403699212255303,997.1136417592253,2.0
1.0474384964834245,381.42183261405535,2.0
1.2097831382169926,1421.8467875376007,2.0
1.3241583368863483,2069.5369460705742,2.0
1.0818926366200485,617.0601753511751,2.0
1.255005051965857,1685.1377043761963,2.0
1.0316279014791676,269.3141191635911,2.0
1.0190416976895242,177.17610554058382,2.0
1.2138090031157927,1445.694278559485,2.0
1.2179233658304238,1469.9816288404304,2.0
1.2616760486939924,1723.1505813890353,2.0
1.3031301768284336,1954.8568208547943,2.0
1.4273765528213045,2606.9219726327156,2.0
1.2071644568937163,1406.2907072749156,2.0
1.1249923074487278,899.305925167024,2.0
1.3363779130176803,2135.3307066438592,2.0
1.1038128456983274,762.1706341325809,2.0
1.173602566121425,1203.7529651490715,2.0
1.0290390245856733,250.62414169766473,2.0
1.0093047666374957,102.17509390440296,2.0
1.4205211285412243,2572.46883769058,2.0
1.3564044126582337,2241.8498446973917,2.0
1.288898199541858,1876.1664901146394,2.0
1.1608269638819655,1125.057231366895,2.0
1.065245887787683,504.4777732394205,2.0
1.0587183473495554,459.7098218774032,2.0
1.0955571199550942,707.9137105803567,2.0
1.221744725087974,1492.463563630684,2.0
1.2976795211333583,1924.8234379367111,2.0
1.272193558995796,1782.6659020092554,2.0
1.1074821397144572,786.1377700182456,2.0
1.4164955119866627,2552.1590194633804,2.0
1.3087517337185965,1985.6981723100841,2.0
1.2240310027630332,1505.8795871636328,2.0
1.2499041104366182,1655.9314006545808,2.0
1.165342290168919,1152.974783258071,2.0
1.0945541537507308,701.2902781089994,2.0
1.1386174097451538,986.0391309419887,2.0
1.318306265296068,2037.8088874260907,2.0
1.005280348398141,68.49393695810984,2.0
1.0432503802109823,352.02302140340146,2.0
1.0169337171327848,161.34140669453157,2.0
1.014980059889904,146.51117993631678,2.0
1.3660733357086046,2292.7084285070596,2.0
1.2925143058576056,1896.2439952862455,2.0
1.1887636391864491,1295.9842578236353,2.0
1.0363355707530566,303.03341319351597,2.0
1.1963480349642066,1341.6636135420206,2.0
1.1884593689933358,1294.1453673853698,2.0
1.0652099793493184,504.2325068718808,2.0
1.171413733157912,1190.3343060295856,2.0
1.156413000929512,1097.655170451759,2.0
1.2517874640738178,1666.729068411442,2.0
1.2606017411479522,1717.0428551624807,2.0
1.0166746977509922,159.3844174800403,2.0
1.146382477197892,1034.9700310253593,2.0
1.256364621572996,1692.9016125508135,2.0
1.2013840062896812,1371.8281943418704,2.0
1.3665861093774208,2295.3954251499827,2.0
1.2714962028042556,1778.735382900137,2.0
1.0612295389449709,476.97644597012925,2.0
1.0260837317478688,229.14318368842513,2.0
1.2639734431040244,1736.194037712071,2.0
1.0097319661847193,105.6034479813285,2.0
1.2381354566941338,1588.0786579163828,2.0
1.4089568000708992,2513.9677290796903,2.0
1.2334935599672245,1561.1331323246677,2.0
1.1520634575947877,1070.5443025477334,2.0
1.2643739803984224,1738.4656039641732,2.0
1.1818826557223876,1254.2777152480417,2.0
1.220137661003206,1483.017694454571,2.0
1.4095911903498466,2517.18951517531,2.0
1.1511953768976475,1065.1205001276821,2.0
1.4197662246384215,2568.6646725211326,2.0
1.3911511955783968,2422.937540982461,2.0
1.0740199286598273,564.089186674511,2.0
1.025632082376409,225.84531684522517,2.0
1.037448568079899,310.9596249171325,2.0
1.0066846060842276,80.61018784781271,2.0
1.03505491732121,293.892347823387,2.0
1.2828183532704034,1842.279831498665,2.0
1.0263156850527808,230.8352523215373,2.0
1.1233605495978485,888.8421633504036,2.0
1.3608109274630404,2265.0735525604305,2.0
1.0085400186305908,95.98493076070693,2.0
1.3458068289804939,2185.682561407896,2.0
1.1082580917457043,791.1947053107547,2.0
1.0440465414676905,357.6267172220613,2.0
1.2892568130816466,1878.160164252895,2.0
1.2577777119351583,1700.9620360790905,2.0
1.377081439980462,2350.168996667768,2.0
1.3074039119433438,1978.315972309479,2.0
1.3404258622612495,2156.9914048047694,2.0
1.1083307501433715,791.6680220662986,2.0
1.06685717288233,515.4722284956836,2.0
1.3148348218426773,2018.9200926041015,2.0
1.342066047815616,2165.7491913102585,2.0
1.435023251355759,2645.155140532422,2.0
1.1623791588226038,1134.6671258135946,2.0
1.1452984780771056,1028.1606619689794,2.0
1.327261392402422,2086.3029485824545,2.0
1.1323370497726846,946.2007608502817,2.0
1.4040985727437452,2489.2462233662077,2.0
1.3675446150082387,2300.4153734961073,2.0
1.1693407500647064,1177.601543837249,2.0
1.3149577110562656,2019.5896220989443,2.0
1.3167193974699416,2029.1807170771697,2.0
1.0383363414220723,317.27017077374387,2.0
1.389732772610943,2415.6353204752413,2.0
1.2023113372063536,1377.3684241193919,2.0
1.3517028767401364,2216.9867888327503,2.0
1.1238005397477142,891.6652665983478,2.0
1.386175177073325,2397.287138872359,2.0
1.1524969484475958,1073.2511429350254,2.0
1.0039778000706785,56.64917026519932,2.0
1.391167090023631,2423.0193249050258,2.0
1.033864399553281,285.3738689800603,2.0
1.1234990076786484,889.7306806103056,2.0
1.4140168221335077,2539.624634857105,2.0
1.4142979370357782,2541.047309189886,2.0
1.2325780532289938,1555.8064350023446,2.0
1.2591058179393866,1708.5292473214172,2.0
1.1776637787099675,1228.5808213391863,2.0
1.1128565465810953,821.0821555574588,2.0
1.1273361981546386,914.3073312147192,2.0
1.2779218380040278,1814.8692083622702,2.0
1.3156787678716182,2023.5168283554449,2.0
1.3346213879786244,2125.9107571974296,2.0
1.333667483726988,2120.7898526061604,2.0
1.0338340259013876,285.1562682660534,2.0
1.1975720040467186,1349.0070929858073,2.0
1.0212277584487228,193.4455945391864,2.0
1.221879363964858,1493.2543506898571,2.0
1.174698171016967,1210.459713830643,2.0
1.3822287941046345,2376.8779606311396,2.0
1.1365195623903288,972.7582239592213,2.0
1.0436287044664248,354.68671513934197,2.0
1.0535406690537736,423.92713047935854,2.0
1.3200689313506904,2047.3805422366202,2.0
1.2528687479547826,1672.9207738908704,2.0
1.0375789596847476,311.88713048717165,2.0
1.0311613242495288,265.9539288798185,2.0
1.2912477753717284,1889.2184335297204,2.0
1.0269050107725863,235.12948202408387,2.0
1.349438876257348,2204.9828113686162,2.0
1.2937328481758599,1902.9967406558803,2.0
1.0301248635604452,258.47686335589765,2.0
1.0314361728227084,267.9337522655793,2.0
1.4330020386402438,2635.069205445289,2.0
1.1462396059590294,1034.0729490598912,2.0
1.144724024232903,1024.549314724472,2.0
1.344988116898558,2181.3247287401014,2.0
1.412567022359917,2532.2829048032227,2.0
1.4326684483204897,2633.403194781729,2.0
1.316160339002621,2026.1384666781785,2.0
1.1470711170882784,1039.2922947125685,2.0
1.030933467640881,264.3116779127025,2.0
1.3276166394029156,2088.219828885177,2.0
1.225839990461821,1516.4765396807468,2.0
1.1673078703154462,1165.0920172679917,2.0
1.3916604358016755,2425.557336289443,2.0
1.0413975414766758,338.95365964617713,2.0
1.1967883601715286,1344.3063434290048,2.0
1.0041667102315945,58.41668027894982,2.0
1.186376333137717,1281.5431050121188,2.0
1.0207603669507872,189.9787832068729,2.0
1.0442951923500132,359.3753491609225,2.0
1.0438034713972983,355.916658146923,2.0
1.2671071423670959,1753.946552454412,2.0
1.3126457511335976,2006.9828398765658,2.0
1.2370493641504767,1581.783373444429,2.0
1.4202746715268098,2571.2270986982526,2.0
1.1464903114866447,1035.6470384808442,2.0
1.1098179221165705,801.3482441977778,2.0
1.3726334023412339,2327.0071508461115,2.0
1.084964034226398,637.5991930919314,2.0
1.4208185318089042,2573.9669724089104,2.0
1.0044599722515049,61.12313453970003,2.0
1.424271114618915,2591.335808053105,2.0
1.015880180815255,153.36449805744493,2.0
1.3839630852423217,2385.8543035933867,2.0
1.2121930855738012,1436.1321246254572,2.0
1.4363108308220973,2651.572737751579,2.0
1.0272920842549444,237.94627243795728,2.0
1.2238079705006644,1504.5719579574704,2.0
1.4239718638720356,2589.832058261496,2.0
1.210160168565459,1424.0836360186477,2.0
1.2579867629924755,1702.1536985943235,2.0
1.2887922188969654,1875.577193595638,2.0
1.180284149326388,1244.552636113911,2.0
1.2571427946242912,1697.3415459916948,2.0
1.2374759350653608,1584.2565706416121,2.0
1.3890261149879146,2411.9945429047366,2.0
1.0167274765873373,159.78339689624534,2.0
1.1078978620908422,788.8475566344558,2.0
1.4141970396029728,2540.536717462062,2.0
1.3835194224778233,2383.5590783941448,2.0
1.1807643955790719,1247.475831518293,2.0
1.253743664575681,1677.9267594478301,2.0
1.1064517937250495,779.4167811309252,2.0
1.0710204522782139,543.7806918518144,2.0
1.184231697860266,1268.5440141553465,2.0
1.1375300014582328,979.1583343454047,2.0
1.2371789812735792,1582.5349677386764,2.0
1.0287682521755617,248.66272923049962,2.0
1.426618306972426,2603.1195071834445,2.0
1.4327779868654282,2633.9502933738227,2.0
1.2899266603952666,1881.8825953333817,2.0
1.2159094388858516,1458.1039002566863,2.0
1.1194972521765276,864.0019792089076,2.0
1.3454763914474022,2183.924035543852,2.0
1.283625190265031,1846.7862415170102,2.0
1.0611066939553702,476.1330803857086,2.0
1.3939827653273336,2437.4923174677497,2.0
1.3497721181482725,2206.7509776727,2.0
1.4138817174133949,2538.9407913163072,2.0
1.3029535146261273,1953.8854111972835,2.0
1.2506765879528121,1660.362196040974,2.0
1.1647658150342195,1149.4168933876563,2.0
1.4051081076990133,2494.3904393790276,2.0
1.3713651110806773,2320.3889694624086,2.0
1.0166430624116534,159.1452181002888,2.0
1.0096788268910784,105.1780632541282,2.0
1.1471563519398587,1039.8270804123501,2.0
1.3438869772899225,2175.4593473513996,2.0
1.4333346802610996,2636.7300881641686,2.0
1.056396906652853,443.6972930951847,2.0
1.241913175168844,1609.9312052816863,2.0
1.149009785760727,1051.445531545789,2.0
1.424289587692679,2591.4286257009844,2.0
1.3594439347853629,2257.8772404316796,2.0
1.357566470102901,2247.98166679706,2.0
1.1863903998471592,1281.6282853144855,2.0
1.1633127384033697,1140.4405426186715,2.0
1.104849640031277,768.9518690265492,2.0
1.0207872475614244,190.1783312817377,2.0
1.3706944730941706,2316.8869486063436,2.0
1.3450378665494653,2181.5896124898672,2.0
1.4398517692136368,2669.191692231612,2.0
1.4382352205376459,2661.1535245375467,2.0
1.224512066949385,1508.6992107491867,2.0
1.3236726413908195,2066.9090897133224,2.0
1.411288792851175,2525.8036794289706,2.0
1.3631808255650242,2277.5321542083957,2.0
1.094401353270356,700.2805922630707,2.0
1.1785652797231996,1234.0798916854812,2.0
1.0482404206346414,387.02937994230655,2.0
1.4160750210706574,2550.0342183056996,2.0
1.2473790454273201,1641.4284464893196,2.0
1.0869624772594249,650.9259576037381,2.0
1.2775408442050669,1812.7319153004305,2.0
1.2528277151091551,1672.6859094499903,2.0
1.1395270076645314,991.7893681943121,2.0
1.042294106835845,345.2827745826949,2.0
1.277481458341206,1812.3987147639812,2.0
1.2089296313244244,1416.7804278878796,2.0
1.3252812938746767,2075.6089581748356,2.0
1.2088660688874882,1416.402977348531,2.0
1.364440985971423,2284.1479067857817,2.0
1.222939268673761,1499.476449659811,2.0
1.226973015853617,1523.105533216808,2.0
1.3766705623322393,2348.0326505241583,2.0
1.1585139710358645,1110.7118665086234,2.0
1.050098027084261,399.99326965433573,2.0
1.0105685690279553,112.26359742550088,2.0
1.3170047961402607,2030.7332757894424,2.0
1.253824560817779,1678.3894402937453,2.0
1.2927131595072714,1897.3464173239377,2.0
1.0807662326946443,609.5101283148035,2.0
1.051000602619851,406.2794948957653,2.0
1.0053357639032283,68.98277164559927,2.0
1.1363838725747988,971.8982990943609,2.0
1.240006843780857,1598.9124140710774,2.0
1.1537761486068072,1081.2325270392598,2.0
1.1729623520628227,1199.830849377023,2.0
1.3905467135746734,2419.8265128810563,2.0
1.1354179721307471,965.7737700022582,2.0
1.2061477324616698,1400.2415081012164,2.0
1.3307698628424893,2105.211529586718,2.0
1.155586026028973,1092.5089497379497,2.0
1.2546372932711929,1683.0361139717422,2.0
1.3695161430598541,2310.729592419571,2.0
1.4137377407569423,2538.211969050066,2.0
1.055109847859101,434.798129681484,2.0
1.4019654362251768,2478.364238818587,2.0
1.1965663463338403,1342.973994196818,2.0
1.0987581215532363,729.006051709523,2.0
1.18226318250799,1256.590757069001,2.0
1.4295539802809523,2617.8300444037877,2.0
1.1967853010299165,1344.2879866573933,2.0
1.127371987177405,914.5361251156604,2.0
1.2598238927799101,1712.6172514506106,2.0
1.0915310022288585,681.2832577984869,2.0
1.0280665365124542,243.57353408550537,2.0
1.048133523262462,386.2822775054626,2.0
1.0478148820212025,384.0545938359678,2.0
1.056969375854464,447.6505870415438,2.0
1.0519420986792714,412.8281225820896,2.0
1.2632618048770177,1732.1563076915454,2.0
1.0685859542248404,527.2443958497754,2.0
1.1343469652683291,958.9762103470249,2.0
1.3868147902436292,2400.589433784987,2.0
1.1886716689040366,1295.4284770543832,2.0
1.2756124209084496,1801.9038789388867,2.0
1.0648674643110725,501.89246947797346,2.0
1.0726493249377316,554.8181332483241,2.0
1.015031804531008,146.9061671338751,2.0
1.0635540312562823,492.9099516220161,2.0
1.1069397230190505,782.6004398249339,2.0
1.0666902806451444,514.3344627543077,2.0
1.0328907070189515,278.3913889391419,2.0
1.0449876554204438,364.2414342205639,2.0
1.182971668459144,1260.8952338949543,2.0
1.0781565016849326,591.9809203833555,2.0
1.1420673523677618,1007.8226741882598,2.0
1.2015071112882492,1372.5639261751146,2.0
1.286278756395249,1861.586789026834,2.0
1.014455906933493,142.50274845928436,2.0
1.3384378550152771,2146.3618282783523,2.0
1.257299714100139,1698.236522436647,2.0
1.0302789692335814,259.58971512705523,2.0
1.3751278854482778,2340.00578093779,2.0
1.3990469041225713,2463.448479194039,2.0
1.0225390265953718,203.14056811417092,2.0
1.1062486663529147,778.0909429423909,2.0
1.3417560997917561,2164.0950535638967,2.0
1.313706239497355,2012.7683309533272,2.0
1.0696154453009363,534.2430724955487,2.0
1.0793426564044308,599.9545556392377,2.0
1.1446530508263424,1024.1030005124046,2.0
1.1932579843945166,1323.0893337596756,2.0
1.2528855173746587,1673.0167566874666,2.0
1.1440027813933455,1020.0124207534486,2.0
1.1837293232238053,1265.4954598662694,2.0
1.3133284736215647,2010.707975311166,2.0
1.0134839399531756,135.03191909913775,2.0
1.0964339205200246,713.6982404170944,2.0
1.2970899306051853,1921.5670655060417,2.0
1.386015271637795,2396.4613131217893,2.0
1.2051313423681147,1394.1890132496994,2.0
1.214144906821536,1447.6803278860384,2.0
1.0398701130787649,328.1488857125518,2.0
1.1772202197406154,1225.873534661141,2.0
1.214367954989068,1448.9987986970002,2.0
1.092456697224523,687.4162760017618,2.0
1.1031734858113291,757.9852609301806,2.0
1.1474997274015357,1041.9810779974482,2.0
1.007363669717213,86.30531981059156,2.0
1.1246324933598308,897.0000182700486,2.0
1.080168920348574,605.5026074008824,2.0
1.1268565198381713,911.2400553357918,2.0
1.044654788879024,361.9029774145504,2.0
1.3836523539610197,2384.2468583717227,2.0
1.2416694566804942,1608.5234566243557,2.0
1.2809933539836322,1832.07601852325,2.0
1.333450177133812,2119.622751702091,2.0
1.1993295110410338,1359.5380228752315,2.0
1.0322196998912971,273.5711559095834,2.0
1.2163573835177253,1460.7475429571634,2.0
1.2386165920397367,1590.8656332841178,2.0
1.3123560221344188,2005.4013971658376,2.0
1.1704778017598572,1184.5885263010168,2.0
1.0476370346599146,382.8107640530183,2.0
1.1090346898325725,796.2518799301068,2.0
1.1415729264204755,1004.7051224818744,2.0
1.2655865994678346,1745.3382411968996,2.0
1.2313833396705376,1548.8490989927407,2.0
1.1386689113866695,986.3648426097907,2.0
1.432937076820894,2634.7448050301987,2.0
1.247197212607006,1640.3829096682573,2.0
1.090369928888894,673.582204864349,2.0
1.0378286086125221,313.66231851429484,2.0
1.0573380517489561,450.19494811895197,2.0
1.0938466710076185,696.6139525932318,2.0
1.06035807621397,470.9907333274797,2.0
1.070413702050878,539.6638413505827,2.0
1.109568303862217,799.724455775098,2.0
1.0652766799311395,504.6880849722263,2.0
1.38680316739086,2400.529439254193,2.0
1.0297061313399791,255.45102072832677,2.0
1.210784062613483,1427.7834951732643,2.0
1.161438271758304,1128.8435594627376,2.0
1.4307773798958605,2623.951443531576,2.0
1.0417170939854008,341.2105642317266,2.0
1.1561393208848965,1095.9525064556858,2.0
1.4240590416181467,2590.2701636981324,2.0
1.3710867386931367,2318.9355405314004,2.0
1.3470850545806035,2192.4809133522836,2.0
1.098621288834874,728.1058629792434,2.0
1.0643114863932517,498.0919522474959,2.0
1.2761173999760294,1804.7409358553202,2.0
1.403391548976923,2485.641264979849,2.0
1.2251065698476171,1512.1821459827256,2.0
1.2317580296034794,1551.0318289081476,2.0
1.1075003910006294,786.2567606004017,2.0
1.3239166491033791,2068.229416354429,2.0
1.070599783545003,540.9267350826632,2.0
1.1252888242261359,901.2055792529474,2.0
1.1678248817339938,1168.2756720673194,2.0
1.2033455142817593,1383.541765963882,2.0
1.0924324900738622,687.2559730896855,2.0
1.0427803879143163,348.7116268865453,2.0
1.249402569585863,1653.0531462480556,2.0
1.110999558656597,809.0293612488555,2.0
1.236088736478375,1576.2105785698652,2.0
1.0579178870180972,454.1940734390613,2.0
1.191787027823437,1314.2298249171686,2.0
1.2143556305116963,1448.9259534187,2.0
1.019094393204872,177.5699938769294,2.0
1.1306045924190928,935.1691788780287,2.0
1.0502509838010907,401.0591545179993,2.0
1.023395810066959,209.45186918278142,2.0
1.4347381583500025,2643.7333840217,2.0
1.12474513650116,897.7219904727137,2.0
1.34355435491377,2173.6866265147983,2.0
1.0973152895468892,719.507550390109,2.0
1.2821150299743438,1838.3492137253363,2.0
1.3194516391900342,2044.0299927098504,2.0
1.2425962457119495,1613.8751948391491,2.0
1.1876382176833633,1289.180197049585,2.0
1.1620499882420112,1132.6303101633512,2.0
1.1356717004847388,967.3831411064024,2.0
1.403469922398063,2486.040964276029,2.0
1.353755707290075,2227.8535072009013,2.0
1.4217536223841856,2578.6753200527187,2.0
1.046383666671744,374.0354328023447,2.0
1.305401555287776,1967.334481994118,2.0
1.4079862752085128,2509.0360259239415,2.0
1.0683338842873007,525.5294552508868,2.0
1.0245612024492157,218.0088016258275,2.0
1.3102910145196807,1994.1195607818552,2.0
1.233043400825904,1558.514477873089,2.0
1.3593001205812496,2257.119727413693,2.0
1.0523047076281231,415.3479335175455,2.0
1.3364174400657136,2135.542538922559,2.0
1.0763078963399406,579.5326694870145,2.0
1.061508766707386,478.8929308098508,2.0
1.0617448388865598,480.51268385156794,2.0
1.3458589623583384,2185.959965345075,2.0
1.274514969150368,1795.7342525901988,2.0
1.2101458634431588,1423.9987796500761,2.0
1.1398044981893627,993.542607533662,2.0
1.3769451353479378,2349.460356324387,2.0
1.1538607377202144,1081.759977005352,2.0
1.346852927109374,2191.2468100419223,2.0
1.1736725287015364,1204.1814377079968,2.0
1.1473575892719856,1041.0895276233514,2.0
1.1837919393817893,1265.8755065287535,2.0
1.1161754934471515,842.5682708598423,2.0
1.3133947713457435,2011.069610320757,2.0
1.2012018470382226,1370.7393836666843,2.0
1.0883782655913739,660.3497090274108,2.0
1.3882243774947143,2407.861633221087,2.0
1.15026749909147,1059.3182669592138,2.0
1.2192197801458124,1477.6168854153013,2.0
1.3917201751953874,2425.8646030859854,2.0
1.2556218368513765,1688.6609610264557,2.0
1.0435644056111357,354.2341169475455,2.0
1.4087522855896841,2512.9287783893933,2.0
1.2572115419531182,1697.7336544281832,2.0
1.129904541029706,930.7063363681109,2.0
1.052112760267368,414.0142303360501,2.0
1.3358123018905688,2132.298801919696,2.0
1.2537163083931695,1677.7702905998487,2.0
1.2147416489411795,1451.207198014897,2.0
1.3853512384597286,2393.030906216764,2.0
1.3331711089954832,2118.1236612235953,2.0
1.056881580677801,447.04449745934824,2.0
1.120393378188492,869.7722523168177,2.0
1.094856774639755,703.2894771758749,2.0
1.3116417028388299,2001.5008734273115,2.0
1.0123202690533417,126.01529485296956,2.0
1.2309844202290117,1546.5244700571711,2.0
1.3205253370539762,2049.856805252344,2.0
1.3767268010538916,2348.3251002230345,2.0
1.1328649172631244,949.5583723669112,2.0
1.3491423300721215,2203.4089783469176,2.0
1.0411827391162947,337.4358896194044,2.0
1.3615936274960456,2269.1906525503,2.0
1.0476020290889896,382.5659026510486,2.0
1.1558997711927392,1094.46182898574,2.0
1.3374060580769958,2140.8386455455593,2.0
1.0562045364274573,442.3681627437499,2.0
1.0872037085605049,652.5326619997043,2.0
1.301307449273547,1944.8277649818945,2.0
1.3002563910690257,1939.03810118044,2.0
1.2633875079347223,1732.869697502132,2.0
1.2879465153100662,1870.872957815216,2.0
1.2188515561259496,1475.449075981584,2.0
1.0961789318134119,712.0165488276702,2.0
1.1343588401804348,959.0516170674687,2.0
1.0684759401465798,526.4959866989984,2.0
1.392724513535224,2431.028373621912,2.0
1.2370597519330297,1581.8436107402943,2.0
1.1574029193223379,1103.8102501014284,2.0
1.1835010575269829,1264.1098309919464,2.0
1.4125849270051203,2532.373619675373,2.0
1.0575278521630982,451.5043405471734,2.0
1.23834054744502,1589.2667817370382,2.0
1.2025903216205802,1379.034316026978,2.0
1.2497826550702966,1655.234498475686,2.0
1.0066436274161532,80.26354868432702,2.0
1.3743986761796565,2336.208378558812,2.0
1.4047955137620187,2492.797976057715,2.0
1.228851326578325,1534.0810831639608,2.0
1.2892162250093766,1877.9345475335917,2.0
1.3998771176177618,2467.6946565347635,2.0
1.2942029659156704,1905.600239554667,2.0
1.0572146516714895,449.343460187136,2.0
1.2338598029442753,1563.2629062919073,2.0
1.2476248627382571,1642.8416448390851,2.0
1.1672689948396846,1164.8525696823272,2.0
1.3080586928683566,1981.903261918779,2.0
1.4059478394101776,2498.6665547168914,2.0
1.4014445715034414,2475.7045557507054,2.0
1.1786921596065894,1234.853493154484,2.0
1.0421726714782973,344.42608210543796,2.0
1.4320626786060893,2630.3768688491273,2.0
1.357848344751685,2249.46823131244,2.0
1.046523111793844,375.0125745931217,2.0
1.399031336187541,2463.368831705295,2.0
1.3732828166594093,2330.393519234458,2.0
1.2082819773330071,1412.9335248416191,2.0
1.240620884747684,1602.4635331893892,2.0
1.1566229922839606,1098.961314000341,2.0
1.0201867392322643,185.71553993325588,2.0
1.1300246952028068,931.4725350644411,2.0
1.3401192139744507,2155.352846593713,2.0
1.0017086410610232,32.75147521000576,2.0
1.129325247301296,927.0110563449933,2.0
1.1562713156673137,1096.7737478026809,2.0
1.2164855929756708,1461.5040137722701,2.0
1.398528310912314,2460.7948093978052,2.0
1.1346277224465924,960.7588145280016,2.0
1.134878960209784,962.3535879967745,2.0
1.3085629329255104,1984.66455129174,2.0
1.1792847908079225,1238.4656801844776,2.0
1.0853632668238602,640.2638341255329,2.0
1.1793800712528062,1239.0462531741466,2.0
1.052720963924365,418.2389580226565,2.0
1.0664478038530367,512.6809957080752,2.0
1.199296964509482,1359.3431507711202,2.0
1.1650556737590705,1151.2060758992045,2.0
1.3959759974119683,2447.7199615479185,2.0
1.1412864198381807,1002.8979218610694,2.0
1.235795868594043,1574.51070686732,2.0
1.2593019042424998,1709.6458046856421,2.0
1.0048043006585297,64.24958173109115,2.0
1.2737438378650263,1791.3958783327441,2.0
1.0670892082864367,517.0537141860208,2.0
1.4197039766188078,2568.3508966859017,2.0
1.0557214389748,439.02881148617377,2.0
1.163229867068938,1139.9282499624476,2.0
1.0316287301857416,269.3200842365146,2.0
1.4383597301142204,2661.7729632965843,2.0
1.2009717590040618,1369.3638458402645,2.0
1.2424812936993122,1613.2116278597082,2.0
1.0247779805331185,219.59713843145616,2.0
1.3145211827677348,2017.2110241931086,2.0
1.0795616014575677,601.4251921121663,2.0
1.3874550517279691,2403.893532573992,2.0
1.0776871847390224,588.8230898304881,2.0
1.0720232166032555,550.5780519979402,2.0
1.0134345944197474,134.65123994596274,2.0
1.187850755118972,1290.46566850514,2.0
1.2287204746231375,1533.3170350842706,2.0
1.024267002252195,215.85153254731978,2.0
1.3268329970635637,2083.9906730813855,2.0
1.17974536141601,1241.271623290993,2.0
1.210730591387825,1427.4664737798958,2.0
1.1743693692519925,1208.447642595566,2.0
1.157365632156341,1103.578508438508,2.0
1.2263926085440153,1519.7105318379931,2.0
1.058256442648553,456.52767485210234,2.0
1.0686046747346827,527.371738770021,2.0
1.3692274997871272,2309.220470510666,2.0
1.4119835238723892,2529.3259412513826,2.0
1.1458378284659696,1031.5495659149683,2.0
1.1037775980277096,761.9399675046031,2.0
1.2647019594617084,1740.3251225796791,2.0
1.1607343681825477,1124.4835268418792,2.0
1.0093178726565804,102.28057062253625,2.0
1.0586085471856312,458.95356307607545,2.0
1.2983309061706745,1928.419355848924,2.0
1.2716029835496983,1779.337375663562,2.0
1.0099472534773188,107.32386368042202,2.0
1.0843218899454603,633.310809087699,2.0
1.0879267844480391,657.3461374030293,2.0
1.2776303129615088,1813.2338742159268,2.0
1.0072312044451732,85.20125054248368,2.0
1.0387092239735132,319.9176873085569,2.0
1.3386846667932442,2147.682364825667,2.0
1.067287153467303,518.4024974922361,2.0
1.2687418045720775,1763.1891540465774,2.0
1.090750073551957,676.1046451652761,2.0
1.036943079546094,307.3618425205996,2.0
1.092736240949212,689.2671519626708,2.0
1.3013142645974647,1944.8652910636292,2.0
1.3661908356503496,2293.3242327934204,2.0
1.353558501921683,2226.8103206001297,2.0
1.1558560399148037,1094.1896612174303,2.0
1.275857747891646,1803.282310270659,2.0
1.0776261433814114,588.4122450752529,2.0
1.1128309662242304,820.9162781059995,2.0
1.3865859485179808,2399.4081110499674,2.0
1.004770399271556,63.944013458753716,2.0
1.0316884893416505,269.7502049918689,2.0
1.078767011885919,596.0862627439702,2.0
1.0097396585831406,105.66500187458142,2.0
1.0684127182123226,526.065852511322,2.0
1.2369017845950272,1580.9275240812835,2.0
1.1661177964589446,1157.7581269094803,2.0
1.3847346723340943,2389.8442246200125,2.0
1.3472675360556976,2193.4509227848657,2.0
1.132755707856545,948.8638620475821,2.0
1.099230589320857,732.1133157699874,2.0
1.1485077964089627,1048.300732308525,2.0
1.240177426886877,1599.899110816972,2.0
1.1026991041939185,754.8780924983217,2.0
1.2555810502392706,1688.4280306736468,2.0
1.1610211357064297,1126.260124220148,2.0
1.2230018507841707,1499.8436597370087,2.0
1.1723857979565815,1196.2968062170635,2.0
1.113365906039803,824.3842475217228,2.0
1.4131876631681937,2535.4267377837623,2.0
1.3210777811475627,2052.852967981178,2.0
1.0524354791832549,416.2563635164393,2.0
1.3725677626751849,2326.6647827783995,2.0
1.194523994449231,1330.7053593322057,2.0
1.3856844867587166,2394.7526806688775,2.0
1.3386549752007684,2147.5235166315683,2.0
1.1677299562174677,1167.691250651445,2.0
1.0082449045859994,93.57600810998352,2.0
1.1029458905667686,756.4947159314296,2.0
1.2183671290558562,1472.5961252196469,2.0
1.2598594321443242,1712.8195152762967,2.0
1.098615223354271,728.0659567091084,2.0
1.052144985926782,414.2381683616053,2.0
1.355885261808693,2239.1087229404075,2.0
1.4318334566835984,2629.231376606317,2.0
1.2113045902388462,1430.8688540512107,2.0
1.0646187686865387,500.1927768022307,2.0
1.104406690174039,766.055600254201,2.0
1.0067465867828347,81.1338054729592,2.0
1.3956975499331035,2446.292083838053,2.0
1.0438890467915056,356.518778785374,2.0
1.2339624353913043,1563.8596171897707,2.0
1.1051107812888794,770.6587515995775,2.0
1.223952432031199,1505.4189581544003,2.0
1.2681286552780273,1759.723753034471,2.0
1.3533225797978499,2225.5621257214616,2.0
1.0781909214444034,592.2124497761527,2.0
1.0040357064963397,57.193107495771144,2.0
1.0511976558698026,407.6508381140918,2.0
1.3884491748344492,2409.0206939248915,2.0
1.3752840588982016,2340.818798700334,2.0
1.2434004362438438,1618.5156672871913,2.0
1.244808398379451,1626.6327046082554,2.0
1.274440362348245,1795.314632939209,2.0
1.0660529155137455,509.9871718998097,2.0
1.3957551284282317,2446.587369793404,2.0
1.1649898623586852,1150.7998895325484,2.0
1.149951850755961,1057.3433089518553,2.0
1.2083170684049158,1413.1420117660027,2.0
1.01729098005271,164.03638539459337,2.0
1.0625262057765046,485.870381100224,2.0
1.3088169689268527,1986.0552779193147,2.0
1.030669598477985,262.4088112292205,2.0
1.2460050814353496,1633.5242902132468,2.0
1.0936039541969604,695.0088342495623,2.0
1.1525364234700262,1073.4975824257165,2.0
1.1110251544784566,809.1956435983728,2.0
1.138492881782953,985.251513647497,2.0
1.2997868117758016,1936.4499231617194,2.0
1.1144446426462842,831.3719822013265,2.0
1.2294211599704798,1537.4073787249824,2.0
1.1895773234060427,1300.8994378643404,2.0
1.2738059781878541,1791.7455783679925,2.0
1.4072109063178195,2505.093533785426,2.0
1.3062131766921825,1971.7877085710904,2.0
1.081545289629593,614.7329943861369,2.0
1.0114534735412313,119.2402040205447,2.0
1.1003697153665777,739.5987053317461,2.0
1.2423421790902138,1612.4084965845066,2.0
1.0189466150299265,176.4651551174788,2.0
1.1984220296797143,1354.1024252093184,2.0
1.2431419247021511,1617.024297757277,2.0
1.1296319494453202,928.9677473088449,2.0
1.324601955074506,2071.936287251977,2.0
1.0396525882280085,326.6078264414714,2.0
1.0277945951595444,241.5988553727498,2.0
1.3041271560343164,1960.3363820697714,2.0
1.1980397681320436,1351.811489106075,2.0
1.285344626643738,1856.3801372916837,2.0
1.1718305501722315,1192.8916358204162,2.0
1.0940238935604538,697.7856882260098,2.0
1.34808264184622,2197.7821211583214,2.0
1.3384405294392379,2146.376138784789,2.0
1.2882978493872355,1872.8276400607085,2.0
1.1043413794258314,765.6284489375523,2.0
1.2401483618095772,1599.7310007607257,2.0
1.140695651061994,999.1699857552258,2.0
1.0339757619772847,286.17156775448655,2.0
1.3972326276475817,2454.16037518271,2.0
1.0511719758903546,407.4721466049647,2.0
1.414107251938393,2540.08231578433,2.0
1.17661660287306,1222.1876078016458,2.0
